/*
 Navicat Premium Data Transfer

 Source Server         : LocalMySQL
 Source Server Type    : MySQL
 Source Server Version : 50727
 Source Host           : localhost:3306
 Source Schema         : nczxnewsys

 Target Server Type    : MySQL
 Target Server Version : 50727
 File Encoding         : 65001

 Date: 15/02/2022 14:47:06
*/

SET NAMES utf8mb4;
SET FOREIGN_KEY_CHECKS = 0;

-- ----------------------------
-- Table structure for gen_table
-- ----------------------------
DROP TABLE IF EXISTS `gen_table`;
CREATE TABLE `gen_table`  (
  `table_id` bigint(20) NOT NULL AUTO_INCREMENT COMMENT '编号',
  `table_name` varchar(200) CHARACTER SET utf8mb4 COLLATE utf8mb4_unicode_ci NULL DEFAULT '' COMMENT '表名称',
  `table_comment` varchar(500) CHARACTER SET utf8mb4 COLLATE utf8mb4_unicode_ci NULL DEFAULT '' COMMENT '表描述',
  `sub_table_name` varchar(64) CHARACTER SET utf8mb4 COLLATE utf8mb4_unicode_ci NULL DEFAULT NULL COMMENT '关联子表的表名',
  `sub_table_fk_name` varchar(64) CHARACTER SET utf8mb4 COLLATE utf8mb4_unicode_ci NULL DEFAULT NULL COMMENT '子表关联的外键名',
  `class_name` varchar(100) CHARACTER SET utf8mb4 COLLATE utf8mb4_unicode_ci NULL DEFAULT '' COMMENT '实体类名称',
  `tpl_category` varchar(200) CHARACTER SET utf8mb4 COLLATE utf8mb4_unicode_ci NULL DEFAULT 'crud' COMMENT '使用的模板（crud单表操作 tree树表操作 sub主子表操作）',
  `package_name` varchar(100) CHARACTER SET utf8mb4 COLLATE utf8mb4_unicode_ci NULL DEFAULT NULL COMMENT '生成包路径',
  `module_name` varchar(30) CHARACTER SET utf8mb4 COLLATE utf8mb4_unicode_ci NULL DEFAULT NULL COMMENT '生成模块名',
  `business_name` varchar(30) CHARACTER SET utf8mb4 COLLATE utf8mb4_unicode_ci NULL DEFAULT NULL COMMENT '生成业务名',
  `function_name` varchar(50) CHARACTER SET utf8mb4 COLLATE utf8mb4_unicode_ci NULL DEFAULT NULL COMMENT '生成功能名',
  `function_author` varchar(50) CHARACTER SET utf8mb4 COLLATE utf8mb4_unicode_ci NULL DEFAULT NULL COMMENT '生成功能作者',
  `gen_type` char(1) CHARACTER SET utf8mb4 COLLATE utf8mb4_unicode_ci NULL DEFAULT '0' COMMENT '生成代码方式（0zip压缩包 1自定义路径）',
  `gen_path` varchar(200) CHARACTER SET utf8mb4 COLLATE utf8mb4_unicode_ci NULL DEFAULT '/' COMMENT '生成路径（不填默认项目路径）',
  `options` varchar(1000) CHARACTER SET utf8mb4 COLLATE utf8mb4_unicode_ci NULL DEFAULT NULL COMMENT '其它生成选项',
  `create_by` varchar(64) CHARACTER SET utf8mb4 COLLATE utf8mb4_unicode_ci NULL DEFAULT '' COMMENT '创建者',
  `create_time` datetime(0) NULL DEFAULT NULL COMMENT '创建时间',
  `update_by` varchar(64) CHARACTER SET utf8mb4 COLLATE utf8mb4_unicode_ci NULL DEFAULT '' COMMENT '更新者',
  `update_time` datetime(0) NULL DEFAULT NULL COMMENT '更新时间',
  `remark` varchar(500) CHARACTER SET utf8mb4 COLLATE utf8mb4_unicode_ci NULL DEFAULT NULL COMMENT '备注',
  PRIMARY KEY (`table_id`) USING BTREE
) ENGINE = InnoDB AUTO_INCREMENT = 6 CHARACTER SET = utf8mb4 COLLATE = utf8mb4_unicode_ci COMMENT = '代码生成业务表' ROW_FORMAT = Dynamic;

-- ----------------------------
-- Records of gen_table
-- ----------------------------
INSERT INTO `gen_table` VALUES (1, 'nczx_wx_stuinfo', '学生信息', '', NULL, 'WxStuinfo', 'crud', 'com.ruoyi.project.nczxwechat', 'nczxwechat', 'stuinfo', '学生信息', '阿卜QQ932696181', '0', '/', '{\"parentMenuId\":\"1062\",\"treeName\":\"\",\"treeParentCode\":\"\",\"parentMenuName\":\"学生信息\",\"treeCode\":\"\"}', 'admin', '2021-12-16 10:56:35', '', '2021-12-16 11:10:04', '');
INSERT INTO `gen_table` VALUES (3, 'nczx_wx_whcours', '文化课程信息表', '', NULL, 'WxWhcours', 'crud', 'com.ruoyi.project.nczxwechat', 'nczxwechat', 'whcours', '文化课程信息', '阿卜QQ932696181', '0', '/', '{\"parentMenuId\":\"1075\",\"treeName\":\"\",\"treeParentCode\":\"\",\"parentMenuName\":\"课程信息\",\"treeCode\":\"\"}', 'admin', '2021-12-20 12:41:44', '', '2021-12-20 12:46:20', '');
INSERT INTO `gen_table` VALUES (4, 'nczx_wx_setselecttime', '选课时间设定表', '', NULL, 'WxSetselecttime', 'crud', 'com.ruoyi.project.nczxwechat', 'nczxwechat', 'setselecttime', '选课时间设定', '阿卜QQ932696181', '0', '/', '{\"parentMenuId\":\"1082\",\"treeName\":\"\",\"treeParentCode\":\"\",\"parentMenuName\":\"基础配置\",\"treeCode\":\"\"}', 'admin', '2021-12-21 09:48:48', '', '2021-12-21 09:51:28', '');
INSERT INTO `gen_table` VALUES (5, 'nczx_wx_selectresult', '文化课程结果', '', NULL, 'WxWhSelectresult', 'crud', 'com.ruoyi.project.nczxwechat', 'nczxwechat', 'selectwhresult', '文化课程', '阿卜QQ932696181', '0', '/', '{\"parentMenuId\":\"1089\",\"treeName\":\"\",\"treeParentCode\":\"\",\"parentMenuName\":\"选课结果\",\"treeCode\":\"\"}', 'admin', '2022-01-19 11:11:55', '', '2022-01-19 11:20:35', '');

-- ----------------------------
-- Table structure for gen_table_column
-- ----------------------------
DROP TABLE IF EXISTS `gen_table_column`;
CREATE TABLE `gen_table_column`  (
  `column_id` bigint(20) NOT NULL AUTO_INCREMENT COMMENT '编号',
  `table_id` varchar(64) CHARACTER SET utf8mb4 COLLATE utf8mb4_unicode_ci NULL DEFAULT NULL COMMENT '归属表编号',
  `column_name` varchar(200) CHARACTER SET utf8mb4 COLLATE utf8mb4_unicode_ci NULL DEFAULT NULL COMMENT '列名称',
  `column_comment` varchar(500) CHARACTER SET utf8mb4 COLLATE utf8mb4_unicode_ci NULL DEFAULT NULL COMMENT '列描述',
  `column_type` varchar(100) CHARACTER SET utf8mb4 COLLATE utf8mb4_unicode_ci NULL DEFAULT NULL COMMENT '列类型',
  `java_type` varchar(500) CHARACTER SET utf8mb4 COLLATE utf8mb4_unicode_ci NULL DEFAULT NULL COMMENT 'JAVA类型',
  `java_field` varchar(200) CHARACTER SET utf8mb4 COLLATE utf8mb4_unicode_ci NULL DEFAULT NULL COMMENT 'JAVA字段名',
  `is_pk` char(1) CHARACTER SET utf8mb4 COLLATE utf8mb4_unicode_ci NULL DEFAULT NULL COMMENT '是否主键（1是）',
  `is_increment` char(1) CHARACTER SET utf8mb4 COLLATE utf8mb4_unicode_ci NULL DEFAULT NULL COMMENT '是否自增（1是）',
  `is_required` char(1) CHARACTER SET utf8mb4 COLLATE utf8mb4_unicode_ci NULL DEFAULT NULL COMMENT '是否必填（1是）',
  `is_insert` char(1) CHARACTER SET utf8mb4 COLLATE utf8mb4_unicode_ci NULL DEFAULT NULL COMMENT '是否为插入字段（1是）',
  `is_edit` char(1) CHARACTER SET utf8mb4 COLLATE utf8mb4_unicode_ci NULL DEFAULT NULL COMMENT '是否编辑字段（1是）',
  `is_list` char(1) CHARACTER SET utf8mb4 COLLATE utf8mb4_unicode_ci NULL DEFAULT NULL COMMENT '是否列表字段（1是）',
  `is_query` char(1) CHARACTER SET utf8mb4 COLLATE utf8mb4_unicode_ci NULL DEFAULT NULL COMMENT '是否查询字段（1是）',
  `query_type` varchar(200) CHARACTER SET utf8mb4 COLLATE utf8mb4_unicode_ci NULL DEFAULT 'EQ' COMMENT '查询方式（等于、不等于、大于、小于、范围）',
  `html_type` varchar(200) CHARACTER SET utf8mb4 COLLATE utf8mb4_unicode_ci NULL DEFAULT NULL COMMENT '显示类型（文本框、文本域、下拉框、复选框、单选框、日期控件）',
  `dict_type` varchar(200) CHARACTER SET utf8mb4 COLLATE utf8mb4_unicode_ci NULL DEFAULT '' COMMENT '字典类型',
  `sort` int(11) NULL DEFAULT NULL COMMENT '排序',
  `create_by` varchar(64) CHARACTER SET utf8mb4 COLLATE utf8mb4_unicode_ci NULL DEFAULT '' COMMENT '创建者',
  `create_time` datetime(0) NULL DEFAULT NULL COMMENT '创建时间',
  `update_by` varchar(64) CHARACTER SET utf8mb4 COLLATE utf8mb4_unicode_ci NULL DEFAULT '' COMMENT '更新者',
  `update_time` datetime(0) NULL DEFAULT NULL COMMENT '更新时间',
  PRIMARY KEY (`column_id`) USING BTREE
) ENGINE = InnoDB AUTO_INCREMENT = 61 CHARACTER SET = utf8mb4 COLLATE = utf8mb4_unicode_ci COMMENT = '代码生成业务表字段' ROW_FORMAT = Dynamic;

-- ----------------------------
-- Records of gen_table_column
-- ----------------------------
INSERT INTO `gen_table_column` VALUES (1, '1', 'id', 'id', 'bigint(20)', 'Long', 'id', '1', '1', NULL, '1', NULL, NULL, NULL, 'EQ', 'input', '', 1, 'admin', '2021-12-16 10:56:35', NULL, '2021-12-16 11:10:04');
INSERT INTO `gen_table_column` VALUES (2, '1', 'stuno', '学生唯一ID', 'varchar(20)', 'String', 'stuno', '0', '0', NULL, '1', '1', '1', '1', 'EQ', 'input', '', 2, 'admin', '2021-12-16 10:56:35', NULL, '2021-12-16 11:10:04');
INSERT INTO `gen_table_column` VALUES (3, '1', 'schooid', '学校代码', 'varchar(50)', 'String', 'schooid', '0', '0', NULL, '1', '1', '1', '1', 'EQ', 'input', '', 3, 'admin', '2021-12-16 10:56:35', NULL, '2021-12-16 11:10:04');
INSERT INTO `gen_table_column` VALUES (4, '1', 'schoolname', '学校名称', 'varchar(100)', 'String', 'schoolname', '0', '0', NULL, '1', '1', '1', NULL, 'LIKE', 'input', '', 4, 'admin', '2021-12-16 10:56:35', NULL, '2021-12-16 11:10:04');
INSERT INTO `gen_table_column` VALUES (5, '1', 'stuname', '学生姓名', 'varchar(50)', 'String', 'stuname', '0', '0', NULL, '1', '1', '1', '1', 'LIKE', 'input', '', 5, 'admin', '2021-12-16 10:56:35', NULL, '2021-12-16 11:10:04');
INSERT INTO `gen_table_column` VALUES (6, '1', 'stusex', '学生性别', 'varchar(20)', 'String', 'stusex', '0', '0', NULL, '1', '1', '1', NULL, 'EQ', 'select', 'sys_user_sex', 6, 'admin', '2021-12-16 10:56:35', NULL, '2021-12-16 11:10:04');
INSERT INTO `gen_table_column` VALUES (7, '1', 'stuclass', '学生班级', 'varchar(20)', 'String', 'stuclass', '0', '0', NULL, '1', '1', '1', '1', 'EQ', 'select', 'stuclassname', 7, 'admin', '2021-12-16 10:56:35', NULL, '2021-12-16 11:10:04');
INSERT INTO `gen_table_column` VALUES (8, '1', 'openId', '用户openId', 'varchar(64)', 'String', 'openId', '0', '0', NULL, '1', '1', '1', NULL, 'EQ', 'input', '', 8, 'admin', '2021-12-16 10:56:35', NULL, '2021-12-16 11:10:04');
INSERT INTO `gen_table_column` VALUES (9, '1', 'nickName', '用户微信昵称', 'varchar(255)', 'String', 'nickName', '0', '0', NULL, '1', '1', '1', NULL, 'LIKE', 'input', '', 9, 'admin', '2021-12-16 10:56:35', NULL, '2021-12-16 11:10:04');
INSERT INTO `gen_table_column` VALUES (10, '1', 'avatarUrl', '用户微信头像地址', 'varchar(255)', 'String', 'avatarUrl', '0', '0', NULL, '1', '1', '1', NULL, 'EQ', 'input', '', 10, 'admin', '2021-12-16 10:56:35', NULL, '2021-12-16 11:10:04');
INSERT INTO `gen_table_column` VALUES (11, '1', 'firstLoginTime', '第一次登录时间', 'datetime', 'Date', 'firstLoginTime', '0', '0', NULL, '1', '1', '1', NULL, 'EQ', 'datetime', '', 11, 'admin', '2021-12-16 10:56:35', NULL, '2021-12-16 11:10:04');
INSERT INTO `gen_table_column` VALUES (12, '1', 'lastLoginTime', '最后一次登录时间', 'datetime', 'Date', 'lastLoginTime', '0', '0', NULL, '1', '1', '1', NULL, 'EQ', 'datetime', '', 12, 'admin', '2021-12-16 10:56:35', NULL, '2021-12-16 11:10:04');
INSERT INTO `gen_table_column` VALUES (13, '1', 'statues', '是否选课状态', 'int(11)', 'Long', 'statues', '0', '0', NULL, '1', '1', '1', '1', 'EQ', 'select', 'stuselectstate', 13, 'admin', '2021-12-16 10:56:35', NULL, '2021-12-16 11:10:04');
INSERT INTO `gen_table_column` VALUES (25, '3', 'id', 'id', 'bigint(20)', 'Long', 'id', '1', '1', NULL, '1', NULL, '1', NULL, 'EQ', 'input', '', 1, 'admin', '2021-12-20 12:41:44', NULL, '2021-12-20 12:46:20');
INSERT INTO `gen_table_column` VALUES (26, '3', 'schoolid', '学校代码', 'varchar(30)', 'String', 'schoolid', '0', '0', NULL, '1', '1', '1', NULL, 'EQ', 'input', '', 2, 'admin', '2021-12-20 12:41:45', NULL, '2021-12-20 12:46:20');
INSERT INTO `gen_table_column` VALUES (27, '3', 'school_name', '学校名称', 'varchar(255)', 'String', 'schoolName', '0', '0', NULL, '1', '1', '1', '1', 'LIKE', 'input', '', 3, 'admin', '2021-12-20 12:41:45', NULL, '2021-12-20 12:46:20');
INSERT INTO `gen_table_column` VALUES (28, '3', 'course_type', '课程id', 'varchar(20)', 'String', 'courseType', '0', '0', NULL, '1', '1', '1', NULL, 'EQ', 'select', '', 4, 'admin', '2021-12-20 12:41:45', NULL, '2021-12-20 12:46:20');
INSERT INTO `gen_table_column` VALUES (29, '3', 'course_name', '课程名称', 'varchar(255)', 'String', 'courseName', '0', '0', NULL, '1', '1', '1', '1', 'LIKE', 'input', '', 5, 'admin', '2021-12-20 12:41:45', NULL, '2021-12-20 12:46:20');
INSERT INTO `gen_table_column` VALUES (30, '3', 'teacherid', '教师Id', 'varchar(20)', 'String', 'teacherid', '0', '0', NULL, '1', '1', NULL, NULL, 'EQ', 'input', '', 6, 'admin', '2021-12-20 12:41:45', NULL, '2021-12-20 12:46:20');
INSERT INTO `gen_table_column` VALUES (31, '3', 'techaer', '授课教师', 'varchar(50)', 'String', 'techaer', '0', '0', NULL, '1', '1', '1', '1', 'EQ', 'input', '', 7, 'admin', '2021-12-20 12:41:45', NULL, '2021-12-20 12:46:20');
INSERT INTO `gen_table_column` VALUES (32, '3', 'create_by', '创建者', 'varchar(64)', 'String', 'createBy', '0', '0', NULL, '1', NULL, NULL, NULL, 'EQ', 'input', '', 8, 'admin', '2021-12-20 12:41:45', NULL, '2021-12-20 12:46:20');
INSERT INTO `gen_table_column` VALUES (33, '3', 'create_time', '创建时间', 'datetime', 'Date', 'createTime', '0', '0', NULL, '1', NULL, NULL, NULL, 'EQ', 'datetime', '', 9, 'admin', '2021-12-20 12:41:45', NULL, '2021-12-20 12:46:20');
INSERT INTO `gen_table_column` VALUES (34, '3', 'update_by', '更新者', 'varchar(64)', 'String', 'updateBy', '0', '0', NULL, '1', '1', NULL, NULL, 'EQ', 'input', '', 10, 'admin', '2021-12-20 12:41:45', NULL, '2021-12-20 12:46:20');
INSERT INTO `gen_table_column` VALUES (35, '3', 'update_time', '更新时间', 'datetime', 'Date', 'updateTime', '0', '0', NULL, '1', '1', NULL, NULL, 'EQ', 'datetime', '', 11, 'admin', '2021-12-20 12:41:45', NULL, '2021-12-20 12:46:20');
INSERT INTO `gen_table_column` VALUES (36, '3', 'remark', '备注', 'varchar(500)', 'String', 'remark', '0', '0', NULL, '1', '1', NULL, NULL, 'EQ', 'textarea', '', 12, 'admin', '2021-12-20 12:41:45', NULL, '2021-12-20 12:46:20');
INSERT INTO `gen_table_column` VALUES (37, '3', 'statues', '状态', 'int(11)', 'Long', 'statues', '0', '0', NULL, '1', '1', '1', '1', 'EQ', 'select', 'nczx_sys_common_statues', 13, 'admin', '2021-12-20 12:41:45', NULL, '2021-12-20 12:46:20');
INSERT INTO `gen_table_column` VALUES (38, '4', 'id', 'id', 'bigint(20)', 'Long', 'id', '1', '0', NULL, '1', NULL, NULL, NULL, 'EQ', 'input', '', 1, 'admin', '2021-12-21 09:48:48', NULL, '2021-12-21 09:51:28');
INSERT INTO `gen_table_column` VALUES (39, '4', 'schoolid', '学校代码', 'varchar(20)', 'String', 'schoolid', '0', '0', NULL, '1', '1', '1', NULL, 'EQ', 'input', '', 2, 'admin', '2021-12-21 09:48:48', NULL, '2021-12-21 09:51:28');
INSERT INTO `gen_table_column` VALUES (40, '4', 'schoolname', '学校名称', 'varchar(255)', 'String', 'schoolname', '0', '0', NULL, '1', '1', '1', '1', 'LIKE', 'input', '', 3, 'admin', '2021-12-21 09:48:48', NULL, '2021-12-21 09:51:28');
INSERT INTO `gen_table_column` VALUES (41, '4', 'starttime', '开始时间', 'datetime', 'Date', 'starttime', '0', '0', NULL, '1', '1', '1', NULL, 'EQ', 'datetime', '', 4, 'admin', '2021-12-21 09:48:48', NULL, '2021-12-21 09:51:28');
INSERT INTO `gen_table_column` VALUES (42, '4', 'endtime', '结束时间', 'datetime', 'Date', 'endtime', '0', '0', NULL, '1', '1', '1', NULL, 'EQ', 'datetime', '', 5, 'admin', '2021-12-21 09:48:48', NULL, '2021-12-21 09:51:28');
INSERT INTO `gen_table_column` VALUES (43, '4', 'create_by', '创建者', 'varchar(64)', 'String', 'createBy', '0', '0', NULL, '1', NULL, NULL, NULL, 'EQ', 'input', '', 6, 'admin', '2021-12-21 09:48:48', NULL, '2021-12-21 09:51:28');
INSERT INTO `gen_table_column` VALUES (44, '4', 'create_time', '创建时间', 'datetime', 'Date', 'createTime', '0', '0', NULL, '1', NULL, NULL, NULL, 'EQ', 'datetime', '', 7, 'admin', '2021-12-21 09:48:48', NULL, '2021-12-21 09:51:28');
INSERT INTO `gen_table_column` VALUES (45, '4', 'update_by', '更新者', 'varchar(64)', 'String', 'updateBy', '0', '0', NULL, '1', '1', NULL, NULL, 'EQ', 'input', '', 8, 'admin', '2021-12-21 09:48:48', NULL, '2021-12-21 09:51:28');
INSERT INTO `gen_table_column` VALUES (46, '4', 'update_time', '更新时间', 'datetime', 'Date', 'updateTime', '0', '0', NULL, '1', '1', NULL, NULL, 'EQ', 'datetime', '', 9, 'admin', '2021-12-21 09:48:48', NULL, '2021-12-21 09:51:28');
INSERT INTO `gen_table_column` VALUES (47, '4', 'remark', '备注', 'varchar(500)', 'String', 'remark', '0', '0', NULL, '1', '1', '1', NULL, 'EQ', 'textarea', '', 10, 'admin', '2021-12-21 09:48:48', NULL, '2021-12-21 09:51:28');
INSERT INTO `gen_table_column` VALUES (48, '5', 'id', 'ID', 'bigint(20)', 'Long', 'id', '1', '1', NULL, '1', NULL, '1', NULL, 'EQ', 'input', '', 1, 'admin', '2022-01-19 11:11:55', NULL, '2022-01-19 11:20:35');
INSERT INTO `gen_table_column` VALUES (49, '5', 'stuno', '学生ID', 'varchar(20)', 'String', 'stuno', '0', '0', NULL, '1', '1', '1', '1', 'EQ', 'input', '', 2, 'admin', '2022-01-19 11:11:55', NULL, '2022-01-19 11:20:35');
INSERT INTO `gen_table_column` VALUES (50, '5', 'schooid', '学校代码', 'varchar(50)', 'String', 'schooid', '0', '0', NULL, '1', '1', NULL, NULL, 'EQ', 'input', '', 3, 'admin', '2022-01-19 11:11:55', NULL, '2022-01-19 11:20:35');
INSERT INTO `gen_table_column` VALUES (51, '5', 'schoolname', '学校名称', 'varchar(100)', 'String', 'schoolname', '0', '0', NULL, '1', '1', '1', '1', 'LIKE', 'input', '', 4, 'admin', '2022-01-19 11:11:55', NULL, '2022-01-19 11:20:35');
INSERT INTO `gen_table_column` VALUES (52, '5', 'stuname', '学生姓名', 'varchar(50)', 'String', 'stuname', '0', '0', NULL, '1', '1', '1', '1', 'LIKE', 'input', '', 5, 'admin', '2022-01-19 11:11:55', NULL, '2022-01-19 11:20:35');
INSERT INTO `gen_table_column` VALUES (53, '5', 'stuclass', '学生班级', 'varchar(20)', 'String', 'stuclass', '0', '0', NULL, '1', '1', '1', '1', 'EQ', 'select', 'stuclassname', 7, 'admin', '2022-01-19 11:11:55', NULL, '2022-01-19 11:20:35');
INSERT INTO `gen_table_column` VALUES (54, '5', 'openId', '用户openId', 'varchar(64)', 'String', 'openId', '0', '0', NULL, '1', NULL, NULL, NULL, 'EQ', 'input', '', 9, 'admin', '2022-01-19 11:11:55', NULL, '2022-01-19 11:20:35');
INSERT INTO `gen_table_column` VALUES (55, '5', 'create_by', '创建者', 'varchar(64)', 'String', 'createBy', '0', '0', NULL, '1', NULL, NULL, NULL, 'EQ', 'input', '', 10, 'admin', '2022-01-19 11:11:55', NULL, '2022-01-19 11:20:35');
INSERT INTO `gen_table_column` VALUES (56, '5', 'create_time', '创建时间', 'datetime', 'Date', 'createTime', '0', '0', NULL, '1', NULL, NULL, NULL, 'EQ', 'datetime', '', 11, 'admin', '2022-01-19 11:11:55', NULL, '2022-01-19 11:20:35');
INSERT INTO `gen_table_column` VALUES (57, '5', 'update_by', '更新者', 'varchar(64)', 'String', 'updateBy', '0', '0', NULL, '1', NULL, NULL, NULL, 'EQ', 'input', '', 12, 'admin', '2022-01-19 11:11:55', NULL, '2022-01-19 11:20:35');
INSERT INTO `gen_table_column` VALUES (58, '5', 'update_time', '更新时间', 'datetime', 'Date', 'updateTime', '0', '0', NULL, '1', NULL, NULL, NULL, 'EQ', 'datetime', '', 13, 'admin', '2022-01-19 11:11:55', NULL, '2022-01-19 11:20:35');
INSERT INTO `gen_table_column` VALUES (59, '5', 'stusex', '性别', 'varchar(20)', 'String', 'stusex', '0', '0', NULL, '1', NULL, NULL, NULL, 'EQ', 'select', '', 6, '', '2022-01-19 11:17:15', NULL, '2022-01-19 11:20:35');
INSERT INTO `gen_table_column` VALUES (60, '5', 'selectinfo', '选择的课程', 'varchar(255)', 'String', 'selectinfo', '0', '0', NULL, '1', '1', '1', NULL, 'EQ', 'input', '', 8, '', '2022-01-19 11:18:53', NULL, '2022-01-19 11:20:35');

-- ----------------------------
-- Table structure for nczx_wx_selectresult
-- ----------------------------
DROP TABLE IF EXISTS `nczx_wx_selectresult`;
CREATE TABLE `nczx_wx_selectresult`  (
  `id` bigint(20) NOT NULL AUTO_INCREMENT COMMENT 'ID',
  `stuno` varchar(20) CHARACTER SET utf8mb4 COLLATE utf8mb4_general_ci NULL DEFAULT NULL COMMENT '学生唯一ID',
  `schooid` varchar(50) CHARACTER SET utf8mb4 COLLATE utf8mb4_general_ci NULL DEFAULT NULL COMMENT '学校代码',
  `schoolname` varchar(100) CHARACTER SET utf8mb4 COLLATE utf8mb4_general_ci NULL DEFAULT NULL COMMENT '学校名称',
  `stuname` varchar(50) CHARACTER SET utf8mb4 COLLATE utf8mb4_general_ci NULL DEFAULT NULL COMMENT '学生姓名',
  `stuclass` varchar(20) CHARACTER SET utf8mb4 COLLATE utf8mb4_general_ci NULL DEFAULT NULL COMMENT '学生班级',
  `stusex` varchar(20) CHARACTER SET utf8mb4 COLLATE utf8mb4_general_ci NULL DEFAULT NULL COMMENT '学生性别',
  `selectinfo` varchar(255) CHARACTER SET utf8mb4 COLLATE utf8mb4_unicode_ci NULL DEFAULT NULL COMMENT '选择的课程',
  `openId` varchar(64) CHARACTER SET utf8mb4 COLLATE utf8mb4_general_ci NULL DEFAULT NULL COMMENT '用户openId',
  `create_by` varchar(64) CHARACTER SET utf8mb4 COLLATE utf8mb4_unicode_ci NULL DEFAULT '' COMMENT '创建者',
  `create_time` datetime(0) NULL DEFAULT NULL COMMENT '创建时间',
  `update_by` varchar(64) CHARACTER SET utf8mb4 COLLATE utf8mb4_unicode_ci NULL DEFAULT '' COMMENT '更新者',
  `update_time` datetime(0) NULL DEFAULT NULL COMMENT '更新时间',
  PRIMARY KEY (`id`) USING BTREE
) ENGINE = InnoDB AUTO_INCREMENT = 9 CHARACTER SET = utf8mb4 COLLATE = utf8mb4_unicode_ci ROW_FORMAT = Dynamic;

-- ----------------------------
-- Records of nczx_wx_selectresult
-- ----------------------------
INSERT INTO `nczx_wx_selectresult` VALUES (8, '20210101', 'nczx', 'XX中学', '阿卜', '高一1班', '0', '物理,化学,生物', 'obXDY5LQHYzN0OJXFZF6eo69Ur-k', '20210101', '2022-02-01 15:59:51', '', NULL);

-- ----------------------------
-- Table structure for nczx_wx_setselecttime
-- ----------------------------
DROP TABLE IF EXISTS `nczx_wx_setselecttime`;
CREATE TABLE `nczx_wx_setselecttime`  (
  `id` bigint(20) NOT NULL AUTO_INCREMENT COMMENT 'id',
  `schoolid` varchar(20) CHARACTER SET utf8mb4 COLLATE utf8mb4_unicode_ci NULL DEFAULT NULL COMMENT '学校代码',
  `schoolname` varchar(255) CHARACTER SET utf8mb4 COLLATE utf8mb4_unicode_ci NULL DEFAULT NULL COMMENT '学校名称',
  `starttime` datetime(0) NULL DEFAULT NULL COMMENT '开始时间',
  `endtime` datetime(0) NULL DEFAULT NULL COMMENT '结束时间',
  `create_by` varchar(64) CHARACTER SET utf8mb4 COLLATE utf8mb4_unicode_ci NULL DEFAULT '' COMMENT '创建者',
  `create_time` datetime(0) NULL DEFAULT NULL COMMENT '创建时间',
  `update_by` varchar(64) CHARACTER SET utf8mb4 COLLATE utf8mb4_unicode_ci NULL DEFAULT '' COMMENT '更新者',
  `update_time` datetime(0) NULL DEFAULT NULL COMMENT '更新时间',
  `remark` varchar(500) CHARACTER SET utf8mb4 COLLATE utf8mb4_unicode_ci NULL DEFAULT NULL COMMENT '备注',
  PRIMARY KEY (`id`) USING BTREE
) ENGINE = InnoDB AUTO_INCREMENT = 2 CHARACTER SET = utf8mb4 COLLATE = utf8mb4_unicode_ci COMMENT = '选课时间设定表' ROW_FORMAT = Dynamic;

-- ----------------------------
-- Records of nczx_wx_setselecttime
-- ----------------------------
INSERT INTO `nczx_wx_setselecttime` VALUES (1, 'nczx', '天津市南仓中学', '2021-12-21 10:00:09', '2021-12-22 10:00:09', '', '2021-12-21 10:04:02', '', '2021-12-21 10:07:21', '');

-- ----------------------------
-- Table structure for nczx_wx_stuinfo
-- ----------------------------
DROP TABLE IF EXISTS `nczx_wx_stuinfo`;
CREATE TABLE `nczx_wx_stuinfo`  (
  `id` bigint(20) NOT NULL AUTO_INCREMENT COMMENT 'id',
  `stuno` varchar(20) CHARACTER SET utf8mb4 COLLATE utf8mb4_general_ci NULL DEFAULT NULL COMMENT '学生唯一ID',
  `schooid` varchar(50) CHARACTER SET utf8mb4 COLLATE utf8mb4_general_ci NULL DEFAULT NULL COMMENT '学校代码',
  `schoolname` varchar(100) CHARACTER SET utf8mb4 COLLATE utf8mb4_general_ci NULL DEFAULT NULL COMMENT '学校名称',
  `stuname` varchar(50) CHARACTER SET utf8mb4 COLLATE utf8mb4_general_ci NULL DEFAULT NULL COMMENT '学生姓名',
  `stusex` varchar(20) CHARACTER SET utf8mb4 COLLATE utf8mb4_general_ci NULL DEFAULT NULL COMMENT '学生性别',
  `stuclass` varchar(20) CHARACTER SET utf8mb4 COLLATE utf8mb4_general_ci NULL DEFAULT NULL COMMENT '学生班级',
  `openId` varchar(64) CHARACTER SET utf8mb4 COLLATE utf8mb4_general_ci NULL DEFAULT NULL COMMENT '用户openId',
  `nickName` varchar(255) CHARACTER SET utf8mb4 COLLATE utf8mb4_general_ci NULL DEFAULT NULL COMMENT '用户微信昵称',
  `avatarUrl` varchar(255) CHARACTER SET utf8mb4 COLLATE utf8mb4_general_ci NULL DEFAULT NULL COMMENT '用户微信头像地址',
  `firstLoginTime` datetime(0) NULL DEFAULT NULL COMMENT '第一次登录时间',
  `lastLoginTime` datetime(0) NULL DEFAULT NULL COMMENT '最后一次登录时间',
  `statues` int(11) NULL DEFAULT 0 COMMENT '是否选课状态',
  PRIMARY KEY (`id`) USING BTREE
) ENGINE = InnoDB AUTO_INCREMENT = 2 CHARACTER SET = utf8mb4 COLLATE = utf8mb4_unicode_ci ROW_FORMAT = DYNAMIC;

-- ----------------------------
-- Records of nczx_wx_stuinfo
-- ----------------------------
INSERT INTO `nczx_wx_stuinfo` VALUES (1, '20210101', 'nczx', 'XX中学', '阿卜', '0', '高一1班', 'obXDY5LQHYzN0OJXFZF6eo69Ur-k', '🇼elfare🕊', 'https://thirdwx.qlogo.cn/mmopen/vi_32/rYPM1MkTJ30JpHgCUPcmfuKHnE7VFBnicVfbXKL5vhW1JOUDtQOGySofIKxHPtzTa4JfvJCuok0wpgxia4HR6ibrA/132', '2021-12-20 08:25:04', NULL, 1);

-- ----------------------------
-- Table structure for nczx_wx_user
-- ----------------------------
DROP TABLE IF EXISTS `nczx_wx_user`;
CREATE TABLE `nczx_wx_user`  (
  `id` bigint(20) NOT NULL AUTO_INCREMENT COMMENT 'id',
  `openId` varchar(64) CHARACTER SET utf8mb4 COLLATE utf8mb4_general_ci NULL DEFAULT NULL COMMENT '用户openId',
  `nickName` varchar(255) CHARACTER SET utf8mb4 COLLATE utf8mb4_general_ci NULL DEFAULT NULL COMMENT '用户微信昵称',
  `avatarUrl` varchar(255) CHARACTER SET utf8mb4 COLLATE utf8mb4_general_ci NULL DEFAULT NULL COMMENT '用户微信头像地址',
  `gender` int(1) NULL DEFAULT 0 COMMENT '性别 0 未知  1 男   2 女',
  `firstLoginTime` datetime(0) NULL DEFAULT NULL COMMENT '第一次登录时间',
  `lastLoginTime` datetime(0) NULL DEFAULT NULL COMMENT '最后一次登录时间',
  PRIMARY KEY (`id`) USING BTREE
) ENGINE = InnoDB AUTO_INCREMENT = 1 CHARACTER SET = utf8mb4 COLLATE = utf8mb4_unicode_ci COMMENT = '微信用户表' ROW_FORMAT = Dynamic;

-- ----------------------------
-- Records of nczx_wx_user
-- ----------------------------

-- ----------------------------
-- Table structure for nczx_wx_whcours
-- ----------------------------
DROP TABLE IF EXISTS `nczx_wx_whcours`;
CREATE TABLE `nczx_wx_whcours`  (
  `id` bigint(20) NOT NULL AUTO_INCREMENT COMMENT 'id',
  `schoolid` varchar(30) CHARACTER SET utf8mb4 COLLATE utf8mb4_unicode_ci NULL DEFAULT NULL COMMENT '学校代码',
  `school_name` varchar(255) CHARACTER SET utf8mb4 COLLATE utf8mb4_unicode_ci NULL DEFAULT NULL COMMENT '学校名称',
  `course_type` varchar(20) CHARACTER SET utf8mb4 COLLATE utf8mb4_unicode_ci NULL DEFAULT NULL COMMENT '课程id',
  `course_name` varchar(255) CHARACTER SET utf8mb4 COLLATE utf8mb4_unicode_ci NULL DEFAULT NULL COMMENT '课程名称',
  `teacherid` varchar(20) CHARACTER SET utf8mb4 COLLATE utf8mb4_unicode_ci NULL DEFAULT NULL COMMENT '教师Id',
  `techaer` varchar(50) CHARACTER SET utf8mb4 COLLATE utf8mb4_unicode_ci NULL DEFAULT NULL COMMENT '授课教师',
  `create_by` varchar(64) CHARACTER SET utf8mb4 COLLATE utf8mb4_unicode_ci NULL DEFAULT '' COMMENT '创建者',
  `create_time` datetime(0) NULL DEFAULT NULL COMMENT '创建时间',
  `update_by` varchar(64) CHARACTER SET utf8mb4 COLLATE utf8mb4_unicode_ci NULL DEFAULT '' COMMENT '更新者',
  `update_time` datetime(0) NULL DEFAULT NULL COMMENT '更新时间',
  `remark` varchar(500) CHARACTER SET utf8mb4 COLLATE utf8mb4_unicode_ci NULL DEFAULT NULL COMMENT '备注',
  `statues` int(11) NULL DEFAULT 0 COMMENT '状态',
  PRIMARY KEY (`id`) USING BTREE
) ENGINE = InnoDB AUTO_INCREMENT = 7 CHARACTER SET = utf8mb4 COLLATE = utf8mb4_unicode_ci COMMENT = '文化课程信息表' ROW_FORMAT = Dynamic;

-- ----------------------------
-- Records of nczx_wx_whcours
-- ----------------------------
INSERT INTO `nczx_wx_whcours` VALUES (1, 'nczx', 'XX中学', '文化课程', '物理', '1', '1', '', '2021-12-20 12:50:05', '', '2021-12-20 12:50:47', '', 0);
INSERT INTO `nczx_wx_whcours` VALUES (2, 'nczx', 'XX中学', '文化课程', '化学', '1', '1', '', '2021-12-20 12:50:38', '', NULL, '', 0);
INSERT INTO `nczx_wx_whcours` VALUES (3, 'nczx', 'XX中学', '文化课程', '生物', '1', '1', '', '2021-12-20 12:51:22', '', NULL, '1', 0);
INSERT INTO `nczx_wx_whcours` VALUES (4, 'nczx', 'XX中学', '文化课程', '政治', '1', '1', '', '2021-12-20 12:51:47', '', '2021-12-20 12:52:19', '', 0);
INSERT INTO `nczx_wx_whcours` VALUES (5, 'nczx', 'XX中学', '文化课程', '历史', '1', '1', '', '2021-12-20 12:52:10', '', NULL, '', 0);
INSERT INTO `nczx_wx_whcours` VALUES (6, 'nczx', 'XX中学', '文化课程', '地理', '1', '1', '', '2021-12-20 12:52:46', '', NULL, '1', 0);

-- ----------------------------
-- Table structure for qrtz_blob_triggers
-- ----------------------------
DROP TABLE IF EXISTS `qrtz_blob_triggers`;
CREATE TABLE `qrtz_blob_triggers`  (
  `sched_name` varchar(120) CHARACTER SET utf8mb4 COLLATE utf8mb4_unicode_ci NOT NULL COMMENT '调度名称',
  `trigger_name` varchar(200) CHARACTER SET utf8mb4 COLLATE utf8mb4_unicode_ci NOT NULL COMMENT 'qrtz_triggers表trigger_name的外键',
  `trigger_group` varchar(200) CHARACTER SET utf8mb4 COLLATE utf8mb4_unicode_ci NOT NULL COMMENT 'qrtz_triggers表trigger_group的外键',
  `blob_data` blob NULL COMMENT '存放持久化Trigger对象',
  PRIMARY KEY (`sched_name`, `trigger_name`, `trigger_group`) USING BTREE,
  CONSTRAINT `qrtz_blob_triggers_ibfk_1` FOREIGN KEY (`sched_name`, `trigger_name`, `trigger_group`) REFERENCES `qrtz_triggers` (`sched_name`, `trigger_name`, `trigger_group`) ON DELETE RESTRICT ON UPDATE RESTRICT
) ENGINE = InnoDB CHARACTER SET = utf8mb4 COLLATE = utf8mb4_unicode_ci COMMENT = 'Blob类型的触发器表' ROW_FORMAT = Dynamic;

-- ----------------------------
-- Records of qrtz_blob_triggers
-- ----------------------------

-- ----------------------------
-- Table structure for qrtz_calendars
-- ----------------------------
DROP TABLE IF EXISTS `qrtz_calendars`;
CREATE TABLE `qrtz_calendars`  (
  `sched_name` varchar(120) CHARACTER SET utf8mb4 COLLATE utf8mb4_unicode_ci NOT NULL COMMENT '调度名称',
  `calendar_name` varchar(200) CHARACTER SET utf8mb4 COLLATE utf8mb4_unicode_ci NOT NULL COMMENT '日历名称',
  `calendar` blob NOT NULL COMMENT '存放持久化calendar对象',
  PRIMARY KEY (`sched_name`, `calendar_name`) USING BTREE
) ENGINE = InnoDB CHARACTER SET = utf8mb4 COLLATE = utf8mb4_unicode_ci COMMENT = '日历信息表' ROW_FORMAT = Dynamic;

-- ----------------------------
-- Records of qrtz_calendars
-- ----------------------------

-- ----------------------------
-- Table structure for qrtz_cron_triggers
-- ----------------------------
DROP TABLE IF EXISTS `qrtz_cron_triggers`;
CREATE TABLE `qrtz_cron_triggers`  (
  `sched_name` varchar(120) CHARACTER SET utf8mb4 COLLATE utf8mb4_unicode_ci NOT NULL COMMENT '调度名称',
  `trigger_name` varchar(200) CHARACTER SET utf8mb4 COLLATE utf8mb4_unicode_ci NOT NULL COMMENT 'qrtz_triggers表trigger_name的外键',
  `trigger_group` varchar(200) CHARACTER SET utf8mb4 COLLATE utf8mb4_unicode_ci NOT NULL COMMENT 'qrtz_triggers表trigger_group的外键',
  `cron_expression` varchar(200) CHARACTER SET utf8mb4 COLLATE utf8mb4_unicode_ci NOT NULL COMMENT 'cron表达式',
  `time_zone_id` varchar(80) CHARACTER SET utf8mb4 COLLATE utf8mb4_unicode_ci NULL DEFAULT NULL COMMENT '时区',
  PRIMARY KEY (`sched_name`, `trigger_name`, `trigger_group`) USING BTREE,
  CONSTRAINT `qrtz_cron_triggers_ibfk_1` FOREIGN KEY (`sched_name`, `trigger_name`, `trigger_group`) REFERENCES `qrtz_triggers` (`sched_name`, `trigger_name`, `trigger_group`) ON DELETE RESTRICT ON UPDATE RESTRICT
) ENGINE = InnoDB CHARACTER SET = utf8mb4 COLLATE = utf8mb4_unicode_ci COMMENT = 'Cron类型的触发器表' ROW_FORMAT = Dynamic;

-- ----------------------------
-- Records of qrtz_cron_triggers
-- ----------------------------
INSERT INTO `qrtz_cron_triggers` VALUES ('RuoyiScheduler', 'TASK_CLASS_NAME1', 'DEFAULT', '0/10 * * * * ?', 'Asia/Shanghai');
INSERT INTO `qrtz_cron_triggers` VALUES ('RuoyiScheduler', 'TASK_CLASS_NAME2', 'DEFAULT', '0/15 * * * * ?', 'Asia/Shanghai');
INSERT INTO `qrtz_cron_triggers` VALUES ('RuoyiScheduler', 'TASK_CLASS_NAME3', 'DEFAULT', '0/20 * * * * ?', 'Asia/Shanghai');

-- ----------------------------
-- Table structure for qrtz_fired_triggers
-- ----------------------------
DROP TABLE IF EXISTS `qrtz_fired_triggers`;
CREATE TABLE `qrtz_fired_triggers`  (
  `sched_name` varchar(120) CHARACTER SET utf8mb4 COLLATE utf8mb4_unicode_ci NOT NULL COMMENT '调度名称',
  `entry_id` varchar(95) CHARACTER SET utf8mb4 COLLATE utf8mb4_unicode_ci NOT NULL COMMENT '调度器实例id',
  `trigger_name` varchar(200) CHARACTER SET utf8mb4 COLLATE utf8mb4_unicode_ci NOT NULL COMMENT 'qrtz_triggers表trigger_name的外键',
  `trigger_group` varchar(200) CHARACTER SET utf8mb4 COLLATE utf8mb4_unicode_ci NOT NULL COMMENT 'qrtz_triggers表trigger_group的外键',
  `instance_name` varchar(200) CHARACTER SET utf8mb4 COLLATE utf8mb4_unicode_ci NOT NULL COMMENT '调度器实例名',
  `fired_time` bigint(13) NOT NULL COMMENT '触发的时间',
  `sched_time` bigint(13) NOT NULL COMMENT '定时器制定的时间',
  `priority` int(11) NOT NULL COMMENT '优先级',
  `state` varchar(16) CHARACTER SET utf8mb4 COLLATE utf8mb4_unicode_ci NOT NULL COMMENT '状态',
  `job_name` varchar(200) CHARACTER SET utf8mb4 COLLATE utf8mb4_unicode_ci NULL DEFAULT NULL COMMENT '任务名称',
  `job_group` varchar(200) CHARACTER SET utf8mb4 COLLATE utf8mb4_unicode_ci NULL DEFAULT NULL COMMENT '任务组名',
  `is_nonconcurrent` varchar(1) CHARACTER SET utf8mb4 COLLATE utf8mb4_unicode_ci NULL DEFAULT NULL COMMENT '是否并发',
  `requests_recovery` varchar(1) CHARACTER SET utf8mb4 COLLATE utf8mb4_unicode_ci NULL DEFAULT NULL COMMENT '是否接受恢复执行',
  PRIMARY KEY (`sched_name`, `entry_id`) USING BTREE
) ENGINE = InnoDB CHARACTER SET = utf8mb4 COLLATE = utf8mb4_unicode_ci COMMENT = '已触发的触发器表' ROW_FORMAT = Dynamic;

-- ----------------------------
-- Records of qrtz_fired_triggers
-- ----------------------------

-- ----------------------------
-- Table structure for qrtz_job_details
-- ----------------------------
DROP TABLE IF EXISTS `qrtz_job_details`;
CREATE TABLE `qrtz_job_details`  (
  `sched_name` varchar(120) CHARACTER SET utf8mb4 COLLATE utf8mb4_unicode_ci NOT NULL COMMENT '调度名称',
  `job_name` varchar(200) CHARACTER SET utf8mb4 COLLATE utf8mb4_unicode_ci NOT NULL COMMENT '任务名称',
  `job_group` varchar(200) CHARACTER SET utf8mb4 COLLATE utf8mb4_unicode_ci NOT NULL COMMENT '任务组名',
  `description` varchar(250) CHARACTER SET utf8mb4 COLLATE utf8mb4_unicode_ci NULL DEFAULT NULL COMMENT '相关介绍',
  `job_class_name` varchar(250) CHARACTER SET utf8mb4 COLLATE utf8mb4_unicode_ci NOT NULL COMMENT '执行任务类名称',
  `is_durable` varchar(1) CHARACTER SET utf8mb4 COLLATE utf8mb4_unicode_ci NOT NULL COMMENT '是否持久化',
  `is_nonconcurrent` varchar(1) CHARACTER SET utf8mb4 COLLATE utf8mb4_unicode_ci NOT NULL COMMENT '是否并发',
  `is_update_data` varchar(1) CHARACTER SET utf8mb4 COLLATE utf8mb4_unicode_ci NOT NULL COMMENT '是否更新数据',
  `requests_recovery` varchar(1) CHARACTER SET utf8mb4 COLLATE utf8mb4_unicode_ci NOT NULL COMMENT '是否接受恢复执行',
  `job_data` blob NULL COMMENT '存放持久化job对象',
  PRIMARY KEY (`sched_name`, `job_name`, `job_group`) USING BTREE
) ENGINE = InnoDB CHARACTER SET = utf8mb4 COLLATE = utf8mb4_unicode_ci COMMENT = '任务详细信息表' ROW_FORMAT = Dynamic;

-- ----------------------------
-- Records of qrtz_job_details
-- ----------------------------
INSERT INTO `qrtz_job_details` VALUES ('RuoyiScheduler', 'TASK_CLASS_NAME1', 'DEFAULT', NULL, 'com.ruoyi.project.monitor.job.util.QuartzDisallowConcurrentExecution', '0', '1', '0', '0', 0xACED0005737200156F72672E71756172747A2E4A6F62446174614D61709FB083E8BFA9B0CB020000787200266F72672E71756172747A2E7574696C732E537472696E674B65794469727479466C61674D61708208E8C3FBC55D280200015A0013616C6C6F77735472616E7369656E74446174617872001D6F72672E71756172747A2E7574696C732E4469727479466C61674D617013E62EAD28760ACE0200025A000564697274794C00036D617074000F4C6A6176612F7574696C2F4D61703B787001737200116A6176612E7574696C2E486173684D61700507DAC1C31660D103000246000A6C6F6164466163746F724900097468726573686F6C6478703F4000000000000C7708000000100000000174000F5441534B5F50524F5045525449455373720028636F6D2E72756F79692E70726F6A6563742E6D6F6E69746F722E6A6F622E646F6D61696E2E4A6F6200000000000000010200084C000A636F6E63757272656E747400124C6A6176612F6C616E672F537472696E673B4C000E63726F6E45787072657373696F6E71007E00094C000C696E766F6B6554617267657471007E00094C00086A6F6247726F757071007E00094C00056A6F6249647400104C6A6176612F6C616E672F4C6F6E673B4C00076A6F624E616D6571007E00094C000D6D697366697265506F6C69637971007E00094C000673746174757371007E000978720029636F6D2E72756F79692E6672616D65776F726B2E7765622E646F6D61696E2E42617365456E7469747900000000000000010200074C0008637265617465427971007E00094C000A63726561746554696D657400104C6A6176612F7574696C2F446174653B4C0006706172616D7371007E00034C000672656D61726B71007E00094C000B73656172636856616C756571007E00094C0008757064617465427971007E00094C000A75706461746554696D6571007E000C787074000561646D696E7372000E6A6176612E7574696C2E44617465686A81014B597419030000787077080000017DC0E4D12878707400007070707400013174000E302F3130202A202A202A202A203F74001172795461736B2E72794E6F506172616D7374000744454641554C547372000E6A6176612E6C616E672E4C6F6E673B8BE490CC8F23DF0200014A000576616C7565787200106A6176612E6C616E672E4E756D62657286AC951D0B94E08B02000078700000000000000001740018E7B3BBE7BB9FE9BB98E8AEA4EFBC88E697A0E58F82EFBC8974000133740001317800);
INSERT INTO `qrtz_job_details` VALUES ('RuoyiScheduler', 'TASK_CLASS_NAME2', 'DEFAULT', NULL, 'com.ruoyi.project.monitor.job.util.QuartzDisallowConcurrentExecution', '0', '1', '0', '0', 0xACED0005737200156F72672E71756172747A2E4A6F62446174614D61709FB083E8BFA9B0CB020000787200266F72672E71756172747A2E7574696C732E537472696E674B65794469727479466C61674D61708208E8C3FBC55D280200015A0013616C6C6F77735472616E7369656E74446174617872001D6F72672E71756172747A2E7574696C732E4469727479466C61674D617013E62EAD28760ACE0200025A000564697274794C00036D617074000F4C6A6176612F7574696C2F4D61703B787001737200116A6176612E7574696C2E486173684D61700507DAC1C31660D103000246000A6C6F6164466163746F724900097468726573686F6C6478703F4000000000000C7708000000100000000174000F5441534B5F50524F5045525449455373720028636F6D2E72756F79692E70726F6A6563742E6D6F6E69746F722E6A6F622E646F6D61696E2E4A6F6200000000000000010200084C000A636F6E63757272656E747400124C6A6176612F6C616E672F537472696E673B4C000E63726F6E45787072657373696F6E71007E00094C000C696E766F6B6554617267657471007E00094C00086A6F6247726F757071007E00094C00056A6F6249647400104C6A6176612F6C616E672F4C6F6E673B4C00076A6F624E616D6571007E00094C000D6D697366697265506F6C69637971007E00094C000673746174757371007E000978720029636F6D2E72756F79692E6672616D65776F726B2E7765622E646F6D61696E2E42617365456E7469747900000000000000010200074C0008637265617465427971007E00094C000A63726561746554696D657400104C6A6176612F7574696C2F446174653B4C0006706172616D7371007E00034C000672656D61726B71007E00094C000B73656172636856616C756571007E00094C0008757064617465427971007E00094C000A75706461746554696D6571007E000C787074000561646D696E7372000E6A6176612E7574696C2E44617465686A81014B597419030000787077080000017DC0E4D12878707400007070707400013174000E302F3135202A202A202A202A203F74001572795461736B2E7279506172616D7328277279272974000744454641554C547372000E6A6176612E6C616E672E4C6F6E673B8BE490CC8F23DF0200014A000576616C7565787200106A6176612E6C616E672E4E756D62657286AC951D0B94E08B02000078700000000000000002740018E7B3BBE7BB9FE9BB98E8AEA4EFBC88E69C89E58F82EFBC8974000133740001317800);
INSERT INTO `qrtz_job_details` VALUES ('RuoyiScheduler', 'TASK_CLASS_NAME3', 'DEFAULT', NULL, 'com.ruoyi.project.monitor.job.util.QuartzDisallowConcurrentExecution', '0', '1', '0', '0', 0xACED0005737200156F72672E71756172747A2E4A6F62446174614D61709FB083E8BFA9B0CB020000787200266F72672E71756172747A2E7574696C732E537472696E674B65794469727479466C61674D61708208E8C3FBC55D280200015A0013616C6C6F77735472616E7369656E74446174617872001D6F72672E71756172747A2E7574696C732E4469727479466C61674D617013E62EAD28760ACE0200025A000564697274794C00036D617074000F4C6A6176612F7574696C2F4D61703B787001737200116A6176612E7574696C2E486173684D61700507DAC1C31660D103000246000A6C6F6164466163746F724900097468726573686F6C6478703F4000000000000C7708000000100000000174000F5441534B5F50524F5045525449455373720028636F6D2E72756F79692E70726F6A6563742E6D6F6E69746F722E6A6F622E646F6D61696E2E4A6F6200000000000000010200084C000A636F6E63757272656E747400124C6A6176612F6C616E672F537472696E673B4C000E63726F6E45787072657373696F6E71007E00094C000C696E766F6B6554617267657471007E00094C00086A6F6247726F757071007E00094C00056A6F6249647400104C6A6176612F6C616E672F4C6F6E673B4C00076A6F624E616D6571007E00094C000D6D697366697265506F6C69637971007E00094C000673746174757371007E000978720029636F6D2E72756F79692E6672616D65776F726B2E7765622E646F6D61696E2E42617365456E7469747900000000000000010200074C0008637265617465427971007E00094C000A63726561746554696D657400104C6A6176612F7574696C2F446174653B4C0006706172616D7371007E00034C000672656D61726B71007E00094C000B73656172636856616C756571007E00094C0008757064617465427971007E00094C000A75706461746554696D6571007E000C787074000561646D696E7372000E6A6176612E7574696C2E44617465686A81014B597419030000787077080000017DC0E4D12878707400007070707400013174000E302F3230202A202A202A202A203F74003872795461736B2E72794D756C7469706C65506172616D7328277279272C20747275652C20323030304C2C203331362E3530442C203130302974000744454641554C547372000E6A6176612E6C616E672E4C6F6E673B8BE490CC8F23DF0200014A000576616C7565787200106A6176612E6C616E672E4E756D62657286AC951D0B94E08B02000078700000000000000003740018E7B3BBE7BB9FE9BB98E8AEA4EFBC88E5A49AE58F82EFBC8974000133740001317800);

-- ----------------------------
-- Table structure for qrtz_locks
-- ----------------------------
DROP TABLE IF EXISTS `qrtz_locks`;
CREATE TABLE `qrtz_locks`  (
  `sched_name` varchar(120) CHARACTER SET utf8mb4 COLLATE utf8mb4_unicode_ci NOT NULL COMMENT '调度名称',
  `lock_name` varchar(40) CHARACTER SET utf8mb4 COLLATE utf8mb4_unicode_ci NOT NULL COMMENT '悲观锁名称',
  PRIMARY KEY (`sched_name`, `lock_name`) USING BTREE
) ENGINE = InnoDB CHARACTER SET = utf8mb4 COLLATE = utf8mb4_unicode_ci COMMENT = '存储的悲观锁信息表' ROW_FORMAT = Dynamic;

-- ----------------------------
-- Records of qrtz_locks
-- ----------------------------
INSERT INTO `qrtz_locks` VALUES ('RuoyiScheduler', 'STATE_ACCESS');
INSERT INTO `qrtz_locks` VALUES ('RuoyiScheduler', 'TRIGGER_ACCESS');

-- ----------------------------
-- Table structure for qrtz_paused_trigger_grps
-- ----------------------------
DROP TABLE IF EXISTS `qrtz_paused_trigger_grps`;
CREATE TABLE `qrtz_paused_trigger_grps`  (
  `sched_name` varchar(120) CHARACTER SET utf8mb4 COLLATE utf8mb4_unicode_ci NOT NULL COMMENT '调度名称',
  `trigger_group` varchar(200) CHARACTER SET utf8mb4 COLLATE utf8mb4_unicode_ci NOT NULL COMMENT 'qrtz_triggers表trigger_group的外键',
  PRIMARY KEY (`sched_name`, `trigger_group`) USING BTREE
) ENGINE = InnoDB CHARACTER SET = utf8mb4 COLLATE = utf8mb4_unicode_ci COMMENT = '暂停的触发器表' ROW_FORMAT = Dynamic;

-- ----------------------------
-- Records of qrtz_paused_trigger_grps
-- ----------------------------

-- ----------------------------
-- Table structure for qrtz_scheduler_state
-- ----------------------------
DROP TABLE IF EXISTS `qrtz_scheduler_state`;
CREATE TABLE `qrtz_scheduler_state`  (
  `sched_name` varchar(120) CHARACTER SET utf8mb4 COLLATE utf8mb4_unicode_ci NOT NULL COMMENT '调度名称',
  `instance_name` varchar(200) CHARACTER SET utf8mb4 COLLATE utf8mb4_unicode_ci NOT NULL COMMENT '实例名称',
  `last_checkin_time` bigint(13) NOT NULL COMMENT '上次检查时间',
  `checkin_interval` bigint(13) NOT NULL COMMENT '检查间隔时间',
  PRIMARY KEY (`sched_name`, `instance_name`) USING BTREE
) ENGINE = InnoDB CHARACTER SET = utf8mb4 COLLATE = utf8mb4_unicode_ci COMMENT = '调度器状态表' ROW_FORMAT = Dynamic;

-- ----------------------------
-- Records of qrtz_scheduler_state
-- ----------------------------
INSERT INTO `qrtz_scheduler_state` VALUES ('RuoyiScheduler', 'DESKTOP-A8DN5RJ1643701924839', 1643720410348, 15000);

-- ----------------------------
-- Table structure for qrtz_simple_triggers
-- ----------------------------
DROP TABLE IF EXISTS `qrtz_simple_triggers`;
CREATE TABLE `qrtz_simple_triggers`  (
  `sched_name` varchar(120) CHARACTER SET utf8mb4 COLLATE utf8mb4_unicode_ci NOT NULL COMMENT '调度名称',
  `trigger_name` varchar(200) CHARACTER SET utf8mb4 COLLATE utf8mb4_unicode_ci NOT NULL COMMENT 'qrtz_triggers表trigger_name的外键',
  `trigger_group` varchar(200) CHARACTER SET utf8mb4 COLLATE utf8mb4_unicode_ci NOT NULL COMMENT 'qrtz_triggers表trigger_group的外键',
  `repeat_count` bigint(7) NOT NULL COMMENT '重复的次数统计',
  `repeat_interval` bigint(12) NOT NULL COMMENT '重复的间隔时间',
  `times_triggered` bigint(10) NOT NULL COMMENT '已经触发的次数',
  PRIMARY KEY (`sched_name`, `trigger_name`, `trigger_group`) USING BTREE,
  CONSTRAINT `qrtz_simple_triggers_ibfk_1` FOREIGN KEY (`sched_name`, `trigger_name`, `trigger_group`) REFERENCES `qrtz_triggers` (`sched_name`, `trigger_name`, `trigger_group`) ON DELETE RESTRICT ON UPDATE RESTRICT
) ENGINE = InnoDB CHARACTER SET = utf8mb4 COLLATE = utf8mb4_unicode_ci COMMENT = '简单触发器的信息表' ROW_FORMAT = Dynamic;

-- ----------------------------
-- Records of qrtz_simple_triggers
-- ----------------------------

-- ----------------------------
-- Table structure for qrtz_simprop_triggers
-- ----------------------------
DROP TABLE IF EXISTS `qrtz_simprop_triggers`;
CREATE TABLE `qrtz_simprop_triggers`  (
  `sched_name` varchar(120) CHARACTER SET utf8mb4 COLLATE utf8mb4_unicode_ci NOT NULL COMMENT '调度名称',
  `trigger_name` varchar(200) CHARACTER SET utf8mb4 COLLATE utf8mb4_unicode_ci NOT NULL COMMENT 'qrtz_triggers表trigger_name的外键',
  `trigger_group` varchar(200) CHARACTER SET utf8mb4 COLLATE utf8mb4_unicode_ci NOT NULL COMMENT 'qrtz_triggers表trigger_group的外键',
  `str_prop_1` varchar(512) CHARACTER SET utf8mb4 COLLATE utf8mb4_unicode_ci NULL DEFAULT NULL COMMENT 'String类型的trigger的第一个参数',
  `str_prop_2` varchar(512) CHARACTER SET utf8mb4 COLLATE utf8mb4_unicode_ci NULL DEFAULT NULL COMMENT 'String类型的trigger的第二个参数',
  `str_prop_3` varchar(512) CHARACTER SET utf8mb4 COLLATE utf8mb4_unicode_ci NULL DEFAULT NULL COMMENT 'String类型的trigger的第三个参数',
  `int_prop_1` int(11) NULL DEFAULT NULL COMMENT 'int类型的trigger的第一个参数',
  `int_prop_2` int(11) NULL DEFAULT NULL COMMENT 'int类型的trigger的第二个参数',
  `long_prop_1` bigint(20) NULL DEFAULT NULL COMMENT 'long类型的trigger的第一个参数',
  `long_prop_2` bigint(20) NULL DEFAULT NULL COMMENT 'long类型的trigger的第二个参数',
  `dec_prop_1` decimal(13, 4) NULL DEFAULT NULL COMMENT 'decimal类型的trigger的第一个参数',
  `dec_prop_2` decimal(13, 4) NULL DEFAULT NULL COMMENT 'decimal类型的trigger的第二个参数',
  `bool_prop_1` varchar(1) CHARACTER SET utf8mb4 COLLATE utf8mb4_unicode_ci NULL DEFAULT NULL COMMENT 'Boolean类型的trigger的第一个参数',
  `bool_prop_2` varchar(1) CHARACTER SET utf8mb4 COLLATE utf8mb4_unicode_ci NULL DEFAULT NULL COMMENT 'Boolean类型的trigger的第二个参数',
  PRIMARY KEY (`sched_name`, `trigger_name`, `trigger_group`) USING BTREE,
  CONSTRAINT `qrtz_simprop_triggers_ibfk_1` FOREIGN KEY (`sched_name`, `trigger_name`, `trigger_group`) REFERENCES `qrtz_triggers` (`sched_name`, `trigger_name`, `trigger_group`) ON DELETE RESTRICT ON UPDATE RESTRICT
) ENGINE = InnoDB CHARACTER SET = utf8mb4 COLLATE = utf8mb4_unicode_ci COMMENT = '同步机制的行锁表' ROW_FORMAT = Dynamic;

-- ----------------------------
-- Records of qrtz_simprop_triggers
-- ----------------------------

-- ----------------------------
-- Table structure for qrtz_triggers
-- ----------------------------
DROP TABLE IF EXISTS `qrtz_triggers`;
CREATE TABLE `qrtz_triggers`  (
  `sched_name` varchar(120) CHARACTER SET utf8mb4 COLLATE utf8mb4_unicode_ci NOT NULL COMMENT '调度名称',
  `trigger_name` varchar(200) CHARACTER SET utf8mb4 COLLATE utf8mb4_unicode_ci NOT NULL COMMENT '触发器的名字',
  `trigger_group` varchar(200) CHARACTER SET utf8mb4 COLLATE utf8mb4_unicode_ci NOT NULL COMMENT '触发器所属组的名字',
  `job_name` varchar(200) CHARACTER SET utf8mb4 COLLATE utf8mb4_unicode_ci NOT NULL COMMENT 'qrtz_job_details表job_name的外键',
  `job_group` varchar(200) CHARACTER SET utf8mb4 COLLATE utf8mb4_unicode_ci NOT NULL COMMENT 'qrtz_job_details表job_group的外键',
  `description` varchar(250) CHARACTER SET utf8mb4 COLLATE utf8mb4_unicode_ci NULL DEFAULT NULL COMMENT '相关介绍',
  `next_fire_time` bigint(13) NULL DEFAULT NULL COMMENT '上一次触发时间（毫秒）',
  `prev_fire_time` bigint(13) NULL DEFAULT NULL COMMENT '下一次触发时间（默认为-1表示不触发）',
  `priority` int(11) NULL DEFAULT NULL COMMENT '优先级',
  `trigger_state` varchar(16) CHARACTER SET utf8mb4 COLLATE utf8mb4_unicode_ci NOT NULL COMMENT '触发器状态',
  `trigger_type` varchar(8) CHARACTER SET utf8mb4 COLLATE utf8mb4_unicode_ci NOT NULL COMMENT '触发器的类型',
  `start_time` bigint(13) NOT NULL COMMENT '开始时间',
  `end_time` bigint(13) NULL DEFAULT NULL COMMENT '结束时间',
  `calendar_name` varchar(200) CHARACTER SET utf8mb4 COLLATE utf8mb4_unicode_ci NULL DEFAULT NULL COMMENT '日程表名称',
  `misfire_instr` smallint(2) NULL DEFAULT NULL COMMENT '补偿执行的策略',
  `job_data` blob NULL COMMENT '存放持久化job对象',
  PRIMARY KEY (`sched_name`, `trigger_name`, `trigger_group`) USING BTREE,
  INDEX `sched_name`(`sched_name`, `job_name`, `job_group`) USING BTREE,
  CONSTRAINT `qrtz_triggers_ibfk_1` FOREIGN KEY (`sched_name`, `job_name`, `job_group`) REFERENCES `qrtz_job_details` (`sched_name`, `job_name`, `job_group`) ON DELETE RESTRICT ON UPDATE RESTRICT
) ENGINE = InnoDB CHARACTER SET = utf8mb4 COLLATE = utf8mb4_unicode_ci COMMENT = '触发器详细信息表' ROW_FORMAT = Dynamic;

-- ----------------------------
-- Records of qrtz_triggers
-- ----------------------------
INSERT INTO `qrtz_triggers` VALUES ('RuoyiScheduler', 'TASK_CLASS_NAME1', 'DEFAULT', 'TASK_CLASS_NAME1', 'DEFAULT', NULL, 1643701930000, -1, 5, 'PAUSED', 'CRON', 1643701925000, 0, NULL, 2, '');
INSERT INTO `qrtz_triggers` VALUES ('RuoyiScheduler', 'TASK_CLASS_NAME2', 'DEFAULT', 'TASK_CLASS_NAME2', 'DEFAULT', NULL, 1643701935000, -1, 5, 'PAUSED', 'CRON', 1643701925000, 0, NULL, 2, '');
INSERT INTO `qrtz_triggers` VALUES ('RuoyiScheduler', 'TASK_CLASS_NAME3', 'DEFAULT', 'TASK_CLASS_NAME3', 'DEFAULT', NULL, 1643701940000, -1, 5, 'PAUSED', 'CRON', 1643701925000, 0, NULL, 2, '');

-- ----------------------------
-- Table structure for sys_config
-- ----------------------------
DROP TABLE IF EXISTS `sys_config`;
CREATE TABLE `sys_config`  (
  `config_id` int(5) NOT NULL AUTO_INCREMENT COMMENT '参数主键',
  `config_name` varchar(100) CHARACTER SET utf8mb4 COLLATE utf8mb4_unicode_ci NULL DEFAULT '' COMMENT '参数名称',
  `config_key` varchar(100) CHARACTER SET utf8mb4 COLLATE utf8mb4_unicode_ci NULL DEFAULT '' COMMENT '参数键名',
  `config_value` varchar(500) CHARACTER SET utf8mb4 COLLATE utf8mb4_unicode_ci NULL DEFAULT '' COMMENT '参数键值',
  `config_type` char(1) CHARACTER SET utf8mb4 COLLATE utf8mb4_unicode_ci NULL DEFAULT 'N' COMMENT '系统内置（Y是 N否）',
  `create_by` varchar(64) CHARACTER SET utf8mb4 COLLATE utf8mb4_unicode_ci NULL DEFAULT '' COMMENT '创建者',
  `create_time` datetime(0) NULL DEFAULT NULL COMMENT '创建时间',
  `update_by` varchar(64) CHARACTER SET utf8mb4 COLLATE utf8mb4_unicode_ci NULL DEFAULT '' COMMENT '更新者',
  `update_time` datetime(0) NULL DEFAULT NULL COMMENT '更新时间',
  `remark` varchar(500) CHARACTER SET utf8mb4 COLLATE utf8mb4_unicode_ci NULL DEFAULT NULL COMMENT '备注',
  PRIMARY KEY (`config_id`) USING BTREE
) ENGINE = InnoDB AUTO_INCREMENT = 11 CHARACTER SET = utf8mb4 COLLATE = utf8mb4_unicode_ci COMMENT = '参数配置表' ROW_FORMAT = Dynamic;

-- ----------------------------
-- Records of sys_config
-- ----------------------------
INSERT INTO `sys_config` VALUES (1, '主框架页-默认皮肤样式名称', 'sys.index.skinName', 'skin-blue', 'Y', 'admin', '2021-12-16 09:39:20', '', NULL, '蓝色 skin-blue、绿色 skin-green、紫色 skin-purple、红色 skin-red、黄色 skin-yellow');
INSERT INTO `sys_config` VALUES (2, '用户管理-账号初始密码', 'sys.user.initPassword', '123456', 'Y', 'admin', '2021-12-16 09:39:20', '', NULL, '初始化密码 123456');
INSERT INTO `sys_config` VALUES (3, '主框架页-侧边栏主题', 'sys.index.sideTheme', 'theme-dark', 'Y', 'admin', '2021-12-16 09:39:20', '', NULL, '深黑主题theme-dark，浅色主题theme-light，深蓝主题theme-blue');
INSERT INTO `sys_config` VALUES (4, '账号自助-是否开启用户注册功能', 'sys.account.registerUser', 'false', 'Y', 'admin', '2021-12-16 09:39:20', '', NULL, '是否开启注册用户功能（true开启，false关闭）');
INSERT INTO `sys_config` VALUES (5, '用户管理-密码字符范围', 'sys.account.chrtype', '0', 'Y', 'admin', '2021-12-16 09:39:20', '', NULL, '默认任意字符范围，0任意（密码可以输入任意字符），1数字（密码只能为0-9数字），2英文字母（密码只能为a-z和A-Z字母），3字母和数字（密码必须包含字母，数字）,4字母数字和特殊字符（目前支持的特殊字符包括：~!@#$%^&*()-=_+）');
INSERT INTO `sys_config` VALUES (6, '用户管理-初始密码修改策略', 'sys.account.initPasswordModify', '0', 'Y', 'admin', '2021-12-16 09:39:20', '', NULL, '0：初始密码修改策略关闭，没有任何提示，1：提醒用户，如果未修改初始密码，则在登录时就会提醒修改密码对话框');
INSERT INTO `sys_config` VALUES (7, '用户管理-账号密码更新周期', 'sys.account.passwordValidateDays', '0', 'Y', 'admin', '2021-12-16 09:39:20', '', NULL, '密码更新周期（填写数字，数据初始化值为0不限制，若修改必须为大于0小于365的正整数），如果超过这个周期登录系统时，则在登录时就会提醒修改密码对话框');
INSERT INTO `sys_config` VALUES (8, '主框架页-菜单导航显示风格', 'sys.index.menuStyle', 'default', 'Y', 'admin', '2021-12-16 09:39:20', '', NULL, '菜单导航显示风格（default为左侧导航菜单，topnav为顶部导航菜单）');
INSERT INTO `sys_config` VALUES (9, '主框架页-是否开启页脚', 'sys.index.footer', 'true', 'Y', 'admin', '2021-12-16 09:39:20', '', NULL, '是否开启底部页脚显示（true显示，false隐藏）');
INSERT INTO `sys_config` VALUES (10, '主框架页-是否开启页签', 'sys.index.tagsView', 'true', 'Y', 'admin', '2021-12-16 09:39:20', '', NULL, '是否开启菜单多页签显示（true显示，false隐藏）');

-- ----------------------------
-- Table structure for sys_dept
-- ----------------------------
DROP TABLE IF EXISTS `sys_dept`;
CREATE TABLE `sys_dept`  (
  `dept_id` bigint(20) NOT NULL AUTO_INCREMENT COMMENT '部门id',
  `parent_id` bigint(20) NULL DEFAULT 0 COMMENT '父部门id',
  `ancestors` varchar(50) CHARACTER SET utf8mb4 COLLATE utf8mb4_unicode_ci NULL DEFAULT '' COMMENT '祖级列表',
  `dept_name` varchar(30) CHARACTER SET utf8mb4 COLLATE utf8mb4_unicode_ci NULL DEFAULT '' COMMENT '部门名称',
  `order_num` int(4) NULL DEFAULT 0 COMMENT '显示顺序',
  `leader` varchar(20) CHARACTER SET utf8mb4 COLLATE utf8mb4_unicode_ci NULL DEFAULT NULL COMMENT '负责人',
  `phone` varchar(11) CHARACTER SET utf8mb4 COLLATE utf8mb4_unicode_ci NULL DEFAULT NULL COMMENT '联系电话',
  `email` varchar(50) CHARACTER SET utf8mb4 COLLATE utf8mb4_unicode_ci NULL DEFAULT NULL COMMENT '邮箱',
  `status` char(1) CHARACTER SET utf8mb4 COLLATE utf8mb4_unicode_ci NULL DEFAULT '0' COMMENT '部门状态（0正常 1停用）',
  `del_flag` char(1) CHARACTER SET utf8mb4 COLLATE utf8mb4_unicode_ci NULL DEFAULT '0' COMMENT '删除标志（0代表存在 2代表删除）',
  `create_by` varchar(64) CHARACTER SET utf8mb4 COLLATE utf8mb4_unicode_ci NULL DEFAULT '' COMMENT '创建者',
  `create_time` datetime(0) NULL DEFAULT NULL COMMENT '创建时间',
  `update_by` varchar(64) CHARACTER SET utf8mb4 COLLATE utf8mb4_unicode_ci NULL DEFAULT '' COMMENT '更新者',
  `update_time` datetime(0) NULL DEFAULT NULL COMMENT '更新时间',
  PRIMARY KEY (`dept_id`) USING BTREE
) ENGINE = InnoDB AUTO_INCREMENT = 110 CHARACTER SET = utf8mb4 COLLATE = utf8mb4_unicode_ci COMMENT = '部门表' ROW_FORMAT = Dynamic;

-- ----------------------------
-- Records of sys_dept
-- ----------------------------
INSERT INTO `sys_dept` VALUES (100, 0, '0', '若依科技', 0, '若依', '15888888888', 'ry@qq.com', '0', '0', 'admin', '2021-12-16 09:39:16', '', NULL);
INSERT INTO `sys_dept` VALUES (101, 100, '0,100', '深圳总公司', 1, '若依', '15888888888', 'ry@qq.com', '0', '0', 'admin', '2021-12-16 09:39:16', '', NULL);
INSERT INTO `sys_dept` VALUES (102, 100, '0,100', '长沙分公司', 2, '若依', '15888888888', 'ry@qq.com', '0', '0', 'admin', '2021-12-16 09:39:16', '', NULL);
INSERT INTO `sys_dept` VALUES (103, 101, '0,100,101', '研发部门', 1, '若依', '15888888888', 'ry@qq.com', '0', '0', 'admin', '2021-12-16 09:39:16', '', NULL);
INSERT INTO `sys_dept` VALUES (104, 101, '0,100,101', '市场部门', 2, '若依', '15888888888', 'ry@qq.com', '0', '0', 'admin', '2021-12-16 09:39:16', '', NULL);
INSERT INTO `sys_dept` VALUES (105, 101, '0,100,101', '测试部门', 3, '若依', '15888888888', 'ry@qq.com', '0', '0', 'admin', '2021-12-16 09:39:16', '', NULL);
INSERT INTO `sys_dept` VALUES (106, 101, '0,100,101', '财务部门', 4, '若依', '15888888888', 'ry@qq.com', '0', '0', 'admin', '2021-12-16 09:39:16', '', NULL);
INSERT INTO `sys_dept` VALUES (107, 101, '0,100,101', '运维部门', 5, '若依', '15888888888', 'ry@qq.com', '0', '0', 'admin', '2021-12-16 09:39:16', '', NULL);
INSERT INTO `sys_dept` VALUES (108, 102, '0,100,102', '市场部门', 1, '若依', '15888888888', 'ry@qq.com', '0', '0', 'admin', '2021-12-16 09:39:16', '', NULL);
INSERT INTO `sys_dept` VALUES (109, 102, '0,100,102', '财务部门', 2, '若依', '15888888888', 'ry@qq.com', '0', '0', 'admin', '2021-12-16 09:39:16', '', NULL);

-- ----------------------------
-- Table structure for sys_dict_data
-- ----------------------------
DROP TABLE IF EXISTS `sys_dict_data`;
CREATE TABLE `sys_dict_data`  (
  `dict_code` bigint(20) NOT NULL AUTO_INCREMENT COMMENT '字典编码',
  `dict_sort` int(4) NULL DEFAULT 0 COMMENT '字典排序',
  `dict_label` varchar(100) CHARACTER SET utf8mb4 COLLATE utf8mb4_unicode_ci NULL DEFAULT '' COMMENT '字典标签',
  `dict_value` varchar(100) CHARACTER SET utf8mb4 COLLATE utf8mb4_unicode_ci NULL DEFAULT '' COMMENT '字典键值',
  `dict_type` varchar(100) CHARACTER SET utf8mb4 COLLATE utf8mb4_unicode_ci NULL DEFAULT '' COMMENT '字典类型',
  `css_class` varchar(100) CHARACTER SET utf8mb4 COLLATE utf8mb4_unicode_ci NULL DEFAULT NULL COMMENT '样式属性（其他样式扩展）',
  `list_class` varchar(100) CHARACTER SET utf8mb4 COLLATE utf8mb4_unicode_ci NULL DEFAULT NULL COMMENT '表格回显样式',
  `is_default` char(1) CHARACTER SET utf8mb4 COLLATE utf8mb4_unicode_ci NULL DEFAULT 'N' COMMENT '是否默认（Y是 N否）',
  `status` char(1) CHARACTER SET utf8mb4 COLLATE utf8mb4_unicode_ci NULL DEFAULT '0' COMMENT '状态（0正常 1停用）',
  `create_by` varchar(64) CHARACTER SET utf8mb4 COLLATE utf8mb4_unicode_ci NULL DEFAULT '' COMMENT '创建者',
  `create_time` datetime(0) NULL DEFAULT NULL COMMENT '创建时间',
  `update_by` varchar(64) CHARACTER SET utf8mb4 COLLATE utf8mb4_unicode_ci NULL DEFAULT '' COMMENT '更新者',
  `update_time` datetime(0) NULL DEFAULT NULL COMMENT '更新时间',
  `remark` varchar(500) CHARACTER SET utf8mb4 COLLATE utf8mb4_unicode_ci NULL DEFAULT NULL COMMENT '备注',
  PRIMARY KEY (`dict_code`) USING BTREE
) ENGINE = InnoDB AUTO_INCREMENT = 48 CHARACTER SET = utf8mb4 COLLATE = utf8mb4_unicode_ci COMMENT = '字典数据表' ROW_FORMAT = Dynamic;

-- ----------------------------
-- Records of sys_dict_data
-- ----------------------------
INSERT INTO `sys_dict_data` VALUES (1, 1, '男', '0', 'sys_user_sex', '', '', 'Y', '0', 'admin', '2021-12-16 09:39:20', '', NULL, '性别男');
INSERT INTO `sys_dict_data` VALUES (2, 2, '女', '1', 'sys_user_sex', '', '', 'N', '0', 'admin', '2021-12-16 09:39:20', '', NULL, '性别女');
INSERT INTO `sys_dict_data` VALUES (3, 3, '未知', '2', 'sys_user_sex', '', '', 'N', '0', 'admin', '2021-12-16 09:39:20', '', NULL, '性别未知');
INSERT INTO `sys_dict_data` VALUES (4, 1, '显示', '0', 'sys_show_hide', '', 'primary', 'Y', '0', 'admin', '2021-12-16 09:39:20', '', NULL, '显示菜单');
INSERT INTO `sys_dict_data` VALUES (5, 2, '隐藏', '1', 'sys_show_hide', '', 'danger', 'N', '0', 'admin', '2021-12-16 09:39:20', '', NULL, '隐藏菜单');
INSERT INTO `sys_dict_data` VALUES (6, 1, '正常', '0', 'sys_normal_disable', '', 'primary', 'Y', '0', 'admin', '2021-12-16 09:39:20', '', NULL, '正常状态');
INSERT INTO `sys_dict_data` VALUES (7, 2, '停用', '1', 'sys_normal_disable', '', 'danger', 'N', '0', 'admin', '2021-12-16 09:39:20', '', NULL, '停用状态');
INSERT INTO `sys_dict_data` VALUES (8, 1, '正常', '0', 'sys_job_status', '', 'primary', 'Y', '0', 'admin', '2021-12-16 09:39:20', '', NULL, '正常状态');
INSERT INTO `sys_dict_data` VALUES (9, 2, '暂停', '1', 'sys_job_status', '', 'danger', 'N', '0', 'admin', '2021-12-16 09:39:20', '', NULL, '停用状态');
INSERT INTO `sys_dict_data` VALUES (10, 1, '默认', 'DEFAULT', 'sys_job_group', '', '', 'Y', '0', 'admin', '2021-12-16 09:39:20', '', NULL, '默认分组');
INSERT INTO `sys_dict_data` VALUES (11, 2, '系统', 'SYSTEM', 'sys_job_group', '', '', 'N', '0', 'admin', '2021-12-16 09:39:20', '', NULL, '系统分组');
INSERT INTO `sys_dict_data` VALUES (12, 1, '是', 'Y', 'sys_yes_no', '', 'primary', 'Y', '0', 'admin', '2021-12-16 09:39:20', '', NULL, '系统默认是');
INSERT INTO `sys_dict_data` VALUES (13, 2, '否', 'N', 'sys_yes_no', '', 'danger', 'N', '0', 'admin', '2021-12-16 09:39:20', '', NULL, '系统默认否');
INSERT INTO `sys_dict_data` VALUES (14, 1, '通知', '1', 'sys_notice_type', '', 'warning', 'Y', '0', 'admin', '2021-12-16 09:39:20', '', NULL, '通知');
INSERT INTO `sys_dict_data` VALUES (15, 2, '公告', '2', 'sys_notice_type', '', 'success', 'N', '0', 'admin', '2021-12-16 09:39:20', '', NULL, '公告');
INSERT INTO `sys_dict_data` VALUES (16, 1, '正常', '0', 'sys_notice_status', '', 'primary', 'Y', '0', 'admin', '2021-12-16 09:39:20', '', NULL, '正常状态');
INSERT INTO `sys_dict_data` VALUES (17, 2, '关闭', '1', 'sys_notice_status', '', 'danger', 'N', '0', 'admin', '2021-12-16 09:39:20', '', NULL, '关闭状态');
INSERT INTO `sys_dict_data` VALUES (18, 99, '其他', '0', 'sys_oper_type', '', 'info', 'N', '0', 'admin', '2021-12-16 09:39:20', '', NULL, '其他操作');
INSERT INTO `sys_dict_data` VALUES (19, 1, '新增', '1', 'sys_oper_type', '', 'info', 'N', '0', 'admin', '2021-12-16 09:39:20', '', NULL, '新增操作');
INSERT INTO `sys_dict_data` VALUES (20, 2, '修改', '2', 'sys_oper_type', '', 'info', 'N', '0', 'admin', '2021-12-16 09:39:20', '', NULL, '修改操作');
INSERT INTO `sys_dict_data` VALUES (21, 3, '删除', '3', 'sys_oper_type', '', 'danger', 'N', '0', 'admin', '2021-12-16 09:39:20', '', NULL, '删除操作');
INSERT INTO `sys_dict_data` VALUES (22, 4, '授权', '4', 'sys_oper_type', '', 'primary', 'N', '0', 'admin', '2021-12-16 09:39:20', '', NULL, '授权操作');
INSERT INTO `sys_dict_data` VALUES (23, 5, '导出', '5', 'sys_oper_type', '', 'warning', 'N', '0', 'admin', '2021-12-16 09:39:20', '', NULL, '导出操作');
INSERT INTO `sys_dict_data` VALUES (24, 6, '导入', '6', 'sys_oper_type', '', 'warning', 'N', '0', 'admin', '2021-12-16 09:39:20', '', NULL, '导入操作');
INSERT INTO `sys_dict_data` VALUES (25, 7, '强退', '7', 'sys_oper_type', '', 'danger', 'N', '0', 'admin', '2021-12-16 09:39:20', '', NULL, '强退操作');
INSERT INTO `sys_dict_data` VALUES (26, 8, '生成代码', '8', 'sys_oper_type', '', 'warning', 'N', '0', 'admin', '2021-12-16 09:39:20', '', NULL, '生成操作');
INSERT INTO `sys_dict_data` VALUES (27, 9, '清空数据', '9', 'sys_oper_type', '', 'danger', 'N', '0', 'admin', '2021-12-16 09:39:20', '', NULL, '清空操作');
INSERT INTO `sys_dict_data` VALUES (28, 1, '成功', '0', 'sys_common_status', '', 'primary', 'N', '0', 'admin', '2021-12-16 09:39:20', '', NULL, '正常状态');
INSERT INTO `sys_dict_data` VALUES (29, 2, '失败', '1', 'sys_common_status', '', 'danger', 'N', '0', 'admin', '2021-12-16 09:39:20', '', NULL, '停用状态');
INSERT INTO `sys_dict_data` VALUES (30, 1, '高一1班', '高一1班', 'stuclassname', NULL, NULL, 'Y', '0', 'admin', '2021-12-16 10:58:05', '', NULL, '高一1班');
INSERT INTO `sys_dict_data` VALUES (31, 2, '高一2班', '高一2班', 'stuclassname', NULL, NULL, 'Y', '0', 'admin', '2021-12-16 10:58:23', '', NULL, '高一2班');
INSERT INTO `sys_dict_data` VALUES (32, 3, '高一3班', '高一3班', 'stuclassname', NULL, NULL, 'Y', '0', 'admin', '2021-12-16 10:58:40', '', NULL, '高一3班');
INSERT INTO `sys_dict_data` VALUES (33, 4, '高一4班', '高一4班', 'stuclassname', NULL, NULL, 'Y', '0', 'admin', '2021-12-16 10:58:56', '', NULL, '高一4班');
INSERT INTO `sys_dict_data` VALUES (34, 5, '高一5班', '高一5班', 'stuclassname', NULL, NULL, 'Y', '0', 'admin', '2021-12-16 10:59:12', '', NULL, NULL);
INSERT INTO `sys_dict_data` VALUES (35, 6, '高一6班', '高一6班', 'stuclassname', NULL, NULL, 'Y', '0', 'admin', '2021-12-16 10:59:23', '', NULL, NULL);
INSERT INTO `sys_dict_data` VALUES (36, 7, '高一7班', '高一7班', 'stuclassname', NULL, NULL, 'Y', '0', 'admin', '2021-12-16 10:59:35', '', NULL, NULL);
INSERT INTO `sys_dict_data` VALUES (37, 8, '高一8班', '高一8班', 'stuclassname', NULL, NULL, 'Y', '0', 'admin', '2021-12-16 11:00:01', '', NULL, NULL);
INSERT INTO `sys_dict_data` VALUES (38, 9, '高一9班', '高一9班', 'stuclassname', NULL, NULL, 'Y', '0', 'admin', '2021-12-16 11:01:55', '', NULL, NULL);
INSERT INTO `sys_dict_data` VALUES (39, 10, '高一10班', '高一10班', 'stuclassname', NULL, NULL, 'Y', '0', 'admin', '2021-12-16 11:02:04', '', NULL, NULL);
INSERT INTO `sys_dict_data` VALUES (40, 11, '高一11班', '高一11班', 'stuclassname', NULL, NULL, 'Y', '0', 'admin', '2021-12-16 11:02:19', '', NULL, NULL);
INSERT INTO `sys_dict_data` VALUES (41, 12, '高一12班', '高一12班', 'stuclassname', NULL, NULL, 'Y', '0', 'admin', '2021-12-16 11:02:30', '', NULL, NULL);
INSERT INTO `sys_dict_data` VALUES (42, 13, '高一13班', '高一13班', 'stuclassname', NULL, NULL, 'Y', '0', 'admin', '2021-12-16 11:02:44', '', NULL, NULL);
INSERT INTO `sys_dict_data` VALUES (43, 14, '高一14班', '高一14班', 'stuclassname', NULL, NULL, 'Y', '0', 'admin', '2021-12-16 11:02:59', '', NULL, NULL);
INSERT INTO `sys_dict_data` VALUES (44, 1, '未选课', '0', 'stuselectstate', NULL, 'warning', 'Y', '0', 'admin', '2021-12-16 11:05:59', '', NULL, NULL);
INSERT INTO `sys_dict_data` VALUES (45, 2, '已选课', '1', 'stuselectstate', NULL, 'success', 'Y', '0', 'admin', '2021-12-16 11:06:10', '', NULL, NULL);
INSERT INTO `sys_dict_data` VALUES (46, 1, '开启', '0', 'nczx_sys_common_statues', NULL, 'primary', 'Y', '0', 'admin', '2021-12-20 12:43:39', '', NULL, '开启状态');
INSERT INTO `sys_dict_data` VALUES (47, 2, '关闭', '1', 'nczx_sys_common_statues', NULL, 'danger', 'Y', '0', 'admin', '2021-12-20 12:44:00', '', NULL, '关闭状态');

-- ----------------------------
-- Table structure for sys_dict_type
-- ----------------------------
DROP TABLE IF EXISTS `sys_dict_type`;
CREATE TABLE `sys_dict_type`  (
  `dict_id` bigint(20) NOT NULL AUTO_INCREMENT COMMENT '字典主键',
  `dict_name` varchar(100) CHARACTER SET utf8mb4 COLLATE utf8mb4_unicode_ci NULL DEFAULT '' COMMENT '字典名称',
  `dict_type` varchar(100) CHARACTER SET utf8mb4 COLLATE utf8mb4_unicode_ci NULL DEFAULT '' COMMENT '字典类型',
  `status` char(1) CHARACTER SET utf8mb4 COLLATE utf8mb4_unicode_ci NULL DEFAULT '0' COMMENT '状态（0正常 1停用）',
  `create_by` varchar(64) CHARACTER SET utf8mb4 COLLATE utf8mb4_unicode_ci NULL DEFAULT '' COMMENT '创建者',
  `create_time` datetime(0) NULL DEFAULT NULL COMMENT '创建时间',
  `update_by` varchar(64) CHARACTER SET utf8mb4 COLLATE utf8mb4_unicode_ci NULL DEFAULT '' COMMENT '更新者',
  `update_time` datetime(0) NULL DEFAULT NULL COMMENT '更新时间',
  `remark` varchar(500) CHARACTER SET utf8mb4 COLLATE utf8mb4_unicode_ci NULL DEFAULT NULL COMMENT '备注',
  PRIMARY KEY (`dict_id`) USING BTREE,
  UNIQUE INDEX `dict_type`(`dict_type`) USING BTREE
) ENGINE = InnoDB AUTO_INCREMENT = 14 CHARACTER SET = utf8mb4 COLLATE = utf8mb4_unicode_ci COMMENT = '字典类型表' ROW_FORMAT = Dynamic;

-- ----------------------------
-- Records of sys_dict_type
-- ----------------------------
INSERT INTO `sys_dict_type` VALUES (1, '用户性别', 'sys_user_sex', '0', 'admin', '2021-12-16 09:39:19', '', NULL, '用户性别列表');
INSERT INTO `sys_dict_type` VALUES (2, '菜单状态', 'sys_show_hide', '0', 'admin', '2021-12-16 09:39:19', '', NULL, '菜单状态列表');
INSERT INTO `sys_dict_type` VALUES (3, '系统开关', 'sys_normal_disable', '0', 'admin', '2021-12-16 09:39:19', '', NULL, '系统开关列表');
INSERT INTO `sys_dict_type` VALUES (4, '任务状态', 'sys_job_status', '0', 'admin', '2021-12-16 09:39:19', '', NULL, '任务状态列表');
INSERT INTO `sys_dict_type` VALUES (5, '任务分组', 'sys_job_group', '0', 'admin', '2021-12-16 09:39:19', '', NULL, '任务分组列表');
INSERT INTO `sys_dict_type` VALUES (6, '系统是否', 'sys_yes_no', '0', 'admin', '2021-12-16 09:39:19', '', NULL, '系统是否列表');
INSERT INTO `sys_dict_type` VALUES (7, '通知类型', 'sys_notice_type', '0', 'admin', '2021-12-16 09:39:19', '', NULL, '通知类型列表');
INSERT INTO `sys_dict_type` VALUES (8, '通知状态', 'sys_notice_status', '0', 'admin', '2021-12-16 09:39:19', '', NULL, '通知状态列表');
INSERT INTO `sys_dict_type` VALUES (9, '操作类型', 'sys_oper_type', '0', 'admin', '2021-12-16 09:39:19', '', NULL, '操作类型列表');
INSERT INTO `sys_dict_type` VALUES (10, '系统状态', 'sys_common_status', '0', 'admin', '2021-12-16 09:39:19', '', NULL, '登录状态列表');
INSERT INTO `sys_dict_type` VALUES (11, '学生班级', 'stuclassname', '0', 'admin', '2021-12-16 10:57:42', '', NULL, '学生班级');
INSERT INTO `sys_dict_type` VALUES (12, '选课状态', 'stuselectstate', '0', 'admin', '2021-12-16 11:05:04', '', NULL, '学生选课状态');
INSERT INTO `sys_dict_type` VALUES (13, '通用状态', 'nczx_sys_common_statues', '0', 'admin', '2021-12-20 12:43:06', '', NULL, '通用状态');

-- ----------------------------
-- Table structure for sys_job
-- ----------------------------
DROP TABLE IF EXISTS `sys_job`;
CREATE TABLE `sys_job`  (
  `job_id` bigint(20) NOT NULL AUTO_INCREMENT COMMENT '任务ID',
  `job_name` varchar(64) CHARACTER SET utf8mb4 COLLATE utf8mb4_unicode_ci NOT NULL DEFAULT '' COMMENT '任务名称',
  `job_group` varchar(64) CHARACTER SET utf8mb4 COLLATE utf8mb4_unicode_ci NOT NULL DEFAULT 'DEFAULT' COMMENT '任务组名',
  `invoke_target` varchar(500) CHARACTER SET utf8mb4 COLLATE utf8mb4_unicode_ci NOT NULL COMMENT '调用目标字符串',
  `cron_expression` varchar(255) CHARACTER SET utf8mb4 COLLATE utf8mb4_unicode_ci NULL DEFAULT '' COMMENT 'cron执行表达式',
  `misfire_policy` varchar(20) CHARACTER SET utf8mb4 COLLATE utf8mb4_unicode_ci NULL DEFAULT '3' COMMENT '计划执行错误策略（1立即执行 2执行一次 3放弃执行）',
  `concurrent` char(1) CHARACTER SET utf8mb4 COLLATE utf8mb4_unicode_ci NULL DEFAULT '1' COMMENT '是否并发执行（0允许 1禁止）',
  `status` char(1) CHARACTER SET utf8mb4 COLLATE utf8mb4_unicode_ci NULL DEFAULT '0' COMMENT '状态（0正常 1暂停）',
  `create_by` varchar(64) CHARACTER SET utf8mb4 COLLATE utf8mb4_unicode_ci NULL DEFAULT '' COMMENT '创建者',
  `create_time` datetime(0) NULL DEFAULT NULL COMMENT '创建时间',
  `update_by` varchar(64) CHARACTER SET utf8mb4 COLLATE utf8mb4_unicode_ci NULL DEFAULT '' COMMENT '更新者',
  `update_time` datetime(0) NULL DEFAULT NULL COMMENT '更新时间',
  `remark` varchar(500) CHARACTER SET utf8mb4 COLLATE utf8mb4_unicode_ci NULL DEFAULT '' COMMENT '备注信息',
  PRIMARY KEY (`job_id`, `job_name`, `job_group`) USING BTREE
) ENGINE = InnoDB AUTO_INCREMENT = 4 CHARACTER SET = utf8mb4 COLLATE = utf8mb4_unicode_ci COMMENT = '定时任务调度表' ROW_FORMAT = Dynamic;

-- ----------------------------
-- Records of sys_job
-- ----------------------------
INSERT INTO `sys_job` VALUES (1, '系统默认（无参）', 'DEFAULT', 'ryTask.ryNoParams', '0/10 * * * * ?', '3', '1', '1', 'admin', '2021-12-16 09:39:21', '', NULL, '');
INSERT INTO `sys_job` VALUES (2, '系统默认（有参）', 'DEFAULT', 'ryTask.ryParams(\'ry\')', '0/15 * * * * ?', '3', '1', '1', 'admin', '2021-12-16 09:39:21', '', NULL, '');
INSERT INTO `sys_job` VALUES (3, '系统默认（多参）', 'DEFAULT', 'ryTask.ryMultipleParams(\'ry\', true, 2000L, 316.50D, 100)', '0/20 * * * * ?', '3', '1', '1', 'admin', '2021-12-16 09:39:21', '', NULL, '');

-- ----------------------------
-- Table structure for sys_job_log
-- ----------------------------
DROP TABLE IF EXISTS `sys_job_log`;
CREATE TABLE `sys_job_log`  (
  `job_log_id` bigint(20) NOT NULL AUTO_INCREMENT COMMENT '任务日志ID',
  `job_name` varchar(64) CHARACTER SET utf8mb4 COLLATE utf8mb4_unicode_ci NOT NULL COMMENT '任务名称',
  `job_group` varchar(64) CHARACTER SET utf8mb4 COLLATE utf8mb4_unicode_ci NOT NULL COMMENT '任务组名',
  `invoke_target` varchar(500) CHARACTER SET utf8mb4 COLLATE utf8mb4_unicode_ci NOT NULL COMMENT '调用目标字符串',
  `job_message` varchar(500) CHARACTER SET utf8mb4 COLLATE utf8mb4_unicode_ci NULL DEFAULT NULL COMMENT '日志信息',
  `status` char(1) CHARACTER SET utf8mb4 COLLATE utf8mb4_unicode_ci NULL DEFAULT '0' COMMENT '执行状态（0正常 1失败）',
  `exception_info` varchar(2000) CHARACTER SET utf8mb4 COLLATE utf8mb4_unicode_ci NULL DEFAULT '' COMMENT '异常信息',
  `create_time` datetime(0) NULL DEFAULT NULL COMMENT '创建时间',
  PRIMARY KEY (`job_log_id`) USING BTREE
) ENGINE = InnoDB AUTO_INCREMENT = 1 CHARACTER SET = utf8mb4 COLLATE = utf8mb4_unicode_ci COMMENT = '定时任务调度日志表' ROW_FORMAT = Dynamic;

-- ----------------------------
-- Records of sys_job_log
-- ----------------------------

-- ----------------------------
-- Table structure for sys_logininfor
-- ----------------------------
DROP TABLE IF EXISTS `sys_logininfor`;
CREATE TABLE `sys_logininfor`  (
  `info_id` bigint(20) NOT NULL AUTO_INCREMENT COMMENT '访问ID',
  `login_name` varchar(50) CHARACTER SET utf8mb4 COLLATE utf8mb4_unicode_ci NULL DEFAULT '' COMMENT '登录账号',
  `ipaddr` varchar(128) CHARACTER SET utf8mb4 COLLATE utf8mb4_unicode_ci NULL DEFAULT '' COMMENT '登录IP地址',
  `login_location` varchar(255) CHARACTER SET utf8mb4 COLLATE utf8mb4_unicode_ci NULL DEFAULT '' COMMENT '登录地点',
  `browser` varchar(50) CHARACTER SET utf8mb4 COLLATE utf8mb4_unicode_ci NULL DEFAULT '' COMMENT '浏览器类型',
  `os` varchar(50) CHARACTER SET utf8mb4 COLLATE utf8mb4_unicode_ci NULL DEFAULT '' COMMENT '操作系统',
  `status` char(1) CHARACTER SET utf8mb4 COLLATE utf8mb4_unicode_ci NULL DEFAULT '0' COMMENT '登录状态（0成功 1失败）',
  `msg` varchar(255) CHARACTER SET utf8mb4 COLLATE utf8mb4_unicode_ci NULL DEFAULT '' COMMENT '提示消息',
  `login_time` datetime(0) NULL DEFAULT NULL COMMENT '访问时间',
  PRIMARY KEY (`info_id`) USING BTREE
) ENGINE = InnoDB AUTO_INCREMENT = 22 CHARACTER SET = utf8mb4 COLLATE = utf8mb4_unicode_ci COMMENT = '系统访问记录' ROW_FORMAT = Dynamic;

-- ----------------------------
-- Records of sys_logininfor
-- ----------------------------
INSERT INTO `sys_logininfor` VALUES (1, 'admin', '127.0.0.1', '内网IP', 'Chrome 9', 'Windows 10', '0', '登录成功', '2021-12-16 10:47:01');
INSERT INTO `sys_logininfor` VALUES (2, 'admin', '127.0.0.1', '内网IP', 'Chrome 9', 'Windows 10', '0', '登录成功', '2021-12-16 10:55:26');
INSERT INTO `sys_logininfor` VALUES (3, 'admin', '127.0.0.1', '内网IP', 'Chrome 9', 'Windows 10', '0', '登录成功', '2021-12-16 11:13:08');
INSERT INTO `sys_logininfor` VALUES (4, 'admin', '127.0.0.1', '内网IP', 'Chrome 9', 'Windows 10', '0', '登录成功', '2021-12-16 11:13:50');
INSERT INTO `sys_logininfor` VALUES (5, 'admin', '127.0.0.1', '内网IP', 'Chrome 9', 'Windows 10', '0', '登录成功', '2021-12-20 11:27:25');
INSERT INTO `sys_logininfor` VALUES (6, 'admin', '127.0.0.1', '内网IP', 'Chrome 9', 'Windows 10', '0', '登录成功', '2021-12-20 12:41:04');
INSERT INTO `sys_logininfor` VALUES (7, 'admin', '127.0.0.1', '内网IP', 'Chrome 9', 'Windows 10', '0', '登录成功', '2021-12-20 12:49:29');
INSERT INTO `sys_logininfor` VALUES (8, 'admin', '127.0.0.1', '内网IP', 'Chrome 9', 'Windows 10', '0', '登录成功', '2021-12-21 09:44:47');
INSERT INTO `sys_logininfor` VALUES (9, 'admin', '127.0.0.1', '内网IP', 'Chrome 9', 'Windows 10', '1', '验证码错误', '2021-12-21 09:52:59');
INSERT INTO `sys_logininfor` VALUES (10, 'admin', '127.0.0.1', '内网IP', 'Chrome 9', 'Windows 10', '0', '登录成功', '2021-12-21 09:53:02');
INSERT INTO `sys_logininfor` VALUES (11, 'admin', '127.0.0.1', '内网IP', 'Chrome 9', 'Windows 10', '0', '登录成功', '2021-12-21 09:54:08');
INSERT INTO `sys_logininfor` VALUES (12, 'admin', '127.0.0.1', '内网IP', 'Chrome 9', 'Windows 10', '0', '登录成功', '2021-12-21 09:55:49');
INSERT INTO `sys_logininfor` VALUES (13, 'admin', '127.0.0.1', '内网IP', 'Chrome 9', 'Windows 10', '0', '登录成功', '2021-12-21 10:03:06');
INSERT INTO `sys_logininfor` VALUES (14, 'admin', '127.0.0.1', '内网IP', 'Chrome 9', 'Windows 10', '0', '登录成功', '2022-01-19 09:08:42');
INSERT INTO `sys_logininfor` VALUES (15, 'admin', '127.0.0.1', '内网IP', 'Chrome 9', 'Windows 10', '0', '登录成功', '2022-01-19 11:11:45');
INSERT INTO `sys_logininfor` VALUES (16, 'admin', '127.0.0.1', '内网IP', 'Chrome 9', 'Windows 10', '0', '登录成功', '2022-01-19 11:23:13');
INSERT INTO `sys_logininfor` VALUES (17, 'admin', '127.0.0.1', '内网IP', 'Chrome 9', 'Windows 10', '0', '登录成功', '2022-01-19 11:24:01');
INSERT INTO `sys_logininfor` VALUES (18, 'admin', '127.0.0.1', '内网IP', 'Chrome 9', 'Windows 10', '1', '验证码错误', '2022-01-19 18:42:36');
INSERT INTO `sys_logininfor` VALUES (19, 'admin', '127.0.0.1', '内网IP', 'Chrome 9', 'Windows 10', '0', '登录成功', '2022-01-19 18:42:40');
INSERT INTO `sys_logininfor` VALUES (20, 'admin', '127.0.0.1', '内网IP', 'Chrome 9', 'Windows 10', '0', '登录成功', '2022-02-01 13:19:08');
INSERT INTO `sys_logininfor` VALUES (21, 'admin', '127.0.0.1', '内网IP', 'Chrome 9', 'Windows 10', '0', '登录成功', '2022-02-01 15:52:24');

-- ----------------------------
-- Table structure for sys_menu
-- ----------------------------
DROP TABLE IF EXISTS `sys_menu`;
CREATE TABLE `sys_menu`  (
  `menu_id` bigint(20) NOT NULL AUTO_INCREMENT COMMENT '菜单ID',
  `menu_name` varchar(50) CHARACTER SET utf8mb4 COLLATE utf8mb4_unicode_ci NOT NULL COMMENT '菜单名称',
  `parent_id` bigint(20) NULL DEFAULT 0 COMMENT '父菜单ID',
  `order_num` int(4) NULL DEFAULT 0 COMMENT '显示顺序',
  `url` varchar(200) CHARACTER SET utf8mb4 COLLATE utf8mb4_unicode_ci NULL DEFAULT '#' COMMENT '请求地址',
  `target` varchar(20) CHARACTER SET utf8mb4 COLLATE utf8mb4_unicode_ci NULL DEFAULT '' COMMENT '打开方式（menuItem页签 menuBlank新窗口）',
  `menu_type` char(1) CHARACTER SET utf8mb4 COLLATE utf8mb4_unicode_ci NULL DEFAULT '' COMMENT '菜单类型（M目录 C菜单 F按钮）',
  `visible` char(1) CHARACTER SET utf8mb4 COLLATE utf8mb4_unicode_ci NULL DEFAULT '0' COMMENT '菜单状态（0显示 1隐藏）',
  `is_refresh` char(1) CHARACTER SET utf8mb4 COLLATE utf8mb4_unicode_ci NULL DEFAULT '1' COMMENT '是否刷新（0刷新 1不刷新）',
  `perms` varchar(100) CHARACTER SET utf8mb4 COLLATE utf8mb4_unicode_ci NULL DEFAULT NULL COMMENT '权限标识',
  `icon` varchar(100) CHARACTER SET utf8mb4 COLLATE utf8mb4_unicode_ci NULL DEFAULT '#' COMMENT '菜单图标',
  `create_by` varchar(64) CHARACTER SET utf8mb4 COLLATE utf8mb4_unicode_ci NULL DEFAULT '' COMMENT '创建者',
  `create_time` datetime(0) NULL DEFAULT NULL COMMENT '创建时间',
  `update_by` varchar(64) CHARACTER SET utf8mb4 COLLATE utf8mb4_unicode_ci NULL DEFAULT '' COMMENT '更新者',
  `update_time` datetime(0) NULL DEFAULT NULL COMMENT '更新时间',
  `remark` varchar(500) CHARACTER SET utf8mb4 COLLATE utf8mb4_unicode_ci NULL DEFAULT '' COMMENT '备注',
  PRIMARY KEY (`menu_id`) USING BTREE
) ENGINE = InnoDB AUTO_INCREMENT = 1096 CHARACTER SET = utf8mb4 COLLATE = utf8mb4_unicode_ci COMMENT = '菜单权限表' ROW_FORMAT = Dynamic;

-- ----------------------------
-- Records of sys_menu
-- ----------------------------
INSERT INTO `sys_menu` VALUES (1, '系统管理', 0, 1, '#', '', 'M', '0', '1', '', 'fa fa-gear', 'admin', '2021-12-16 09:39:17', '', NULL, '系统管理目录');
INSERT INTO `sys_menu` VALUES (2, '系统监控', 0, 2, '#', '', 'M', '0', '1', '', 'fa fa-video-camera', 'admin', '2021-12-16 09:39:17', '', NULL, '系统监控目录');
INSERT INTO `sys_menu` VALUES (3, '系统工具', 0, 3, '#', '', 'M', '0', '1', '', 'fa fa-bars', 'admin', '2021-12-16 09:39:17', '', NULL, '系统工具目录');
INSERT INTO `sys_menu` VALUES (4, '若依官网', 0, 4, 'http://ruoyi.vip', 'menuBlank', 'C', '1', '1', '', 'fa fa-location-arrow', 'admin', '2021-12-16 09:39:17', 'admin', '2021-12-20 12:41:23', '若依官网地址');
INSERT INTO `sys_menu` VALUES (100, '用户管理', 1, 1, '/system/user', '', 'C', '0', '1', 'system:user:view', 'fa fa-user-o', 'admin', '2021-12-16 09:39:17', '', NULL, '用户管理菜单');
INSERT INTO `sys_menu` VALUES (101, '角色管理', 1, 2, '/system/role', '', 'C', '0', '1', 'system:role:view', 'fa fa-user-secret', 'admin', '2021-12-16 09:39:17', '', NULL, '角色管理菜单');
INSERT INTO `sys_menu` VALUES (102, '菜单管理', 1, 3, '/system/menu', '', 'C', '0', '1', 'system:menu:view', 'fa fa-th-list', 'admin', '2021-12-16 09:39:17', '', NULL, '菜单管理菜单');
INSERT INTO `sys_menu` VALUES (103, '部门管理', 1, 4, '/system/dept', '', 'C', '0', '1', 'system:dept:view', 'fa fa-outdent', 'admin', '2021-12-16 09:39:17', '', NULL, '部门管理菜单');
INSERT INTO `sys_menu` VALUES (104, '岗位管理', 1, 5, '/system/post', '', 'C', '0', '1', 'system:post:view', 'fa fa-address-card-o', 'admin', '2021-12-16 09:39:17', '', NULL, '岗位管理菜单');
INSERT INTO `sys_menu` VALUES (105, '字典管理', 1, 6, '/system/dict', '', 'C', '0', '1', 'system:dict:view', 'fa fa-bookmark-o', 'admin', '2021-12-16 09:39:17', '', NULL, '字典管理菜单');
INSERT INTO `sys_menu` VALUES (106, '参数设置', 1, 7, '/system/config', '', 'C', '0', '1', 'system:config:view', 'fa fa-sun-o', 'admin', '2021-12-16 09:39:17', '', NULL, '参数设置菜单');
INSERT INTO `sys_menu` VALUES (107, '通知公告', 1, 8, '/system/notice', '', 'C', '0', '1', 'system:notice:view', 'fa fa-bullhorn', 'admin', '2021-12-16 09:39:17', '', NULL, '通知公告菜单');
INSERT INTO `sys_menu` VALUES (108, '日志管理', 1, 9, '#', '', 'M', '0', '1', '', 'fa fa-pencil-square-o', 'admin', '2021-12-16 09:39:17', '', NULL, '日志管理菜单');
INSERT INTO `sys_menu` VALUES (109, '在线用户', 2, 1, '/monitor/online', '', 'C', '0', '1', 'monitor:online:view', 'fa fa-user-circle', 'admin', '2021-12-16 09:39:17', '', NULL, '在线用户菜单');
INSERT INTO `sys_menu` VALUES (110, '定时任务', 2, 2, '/monitor/job', '', 'C', '0', '1', 'monitor:job:view', 'fa fa-tasks', 'admin', '2021-12-16 09:39:17', '', NULL, '定时任务菜单');
INSERT INTO `sys_menu` VALUES (111, '数据监控', 2, 3, '/monitor/data', '', 'C', '0', '1', 'monitor:data:view', 'fa fa-bug', 'admin', '2021-12-16 09:39:17', '', NULL, '数据监控菜单');
INSERT INTO `sys_menu` VALUES (112, '服务监控', 2, 4, '/monitor/server', '', 'C', '0', '1', 'monitor:server:view', 'fa fa-server', 'admin', '2021-12-16 09:39:17', '', NULL, '服务监控菜单');
INSERT INTO `sys_menu` VALUES (113, '缓存监控', 2, 5, '/monitor/cache', '', 'C', '0', '1', 'monitor:cache:view', 'fa fa-cube', 'admin', '2021-12-16 09:39:17', '', NULL, '缓存监控菜单');
INSERT INTO `sys_menu` VALUES (114, '表单构建', 3, 1, '/tool/build', '', 'C', '0', '1', 'tool:build:view', 'fa fa-wpforms', 'admin', '2021-12-16 09:39:17', '', NULL, '表单构建菜单');
INSERT INTO `sys_menu` VALUES (115, '代码生成', 3, 2, '/tool/gen', '', 'C', '0', '1', 'tool:gen:view', 'fa fa-code', 'admin', '2021-12-16 09:39:17', '', NULL, '代码生成菜单');
INSERT INTO `sys_menu` VALUES (116, '系统接口', 3, 3, '/tool/swagger', '', 'C', '0', '1', 'tool:swagger:view', 'fa fa-gg', 'admin', '2021-12-16 09:39:17', '', NULL, '系统接口菜单');
INSERT INTO `sys_menu` VALUES (500, '操作日志', 108, 1, '/monitor/operlog', '', 'C', '0', '1', 'monitor:operlog:view', 'fa fa-address-book', 'admin', '2021-12-16 09:39:17', '', NULL, '操作日志菜单');
INSERT INTO `sys_menu` VALUES (501, '登录日志', 108, 2, '/monitor/logininfor', '', 'C', '0', '1', 'monitor:logininfor:view', 'fa fa-file-image-o', 'admin', '2021-12-16 09:39:17', '', NULL, '登录日志菜单');
INSERT INTO `sys_menu` VALUES (1000, '用户查询', 100, 1, '#', '', 'F', '0', '1', 'system:user:list', '#', 'admin', '2021-12-16 09:39:17', '', NULL, '');
INSERT INTO `sys_menu` VALUES (1001, '用户新增', 100, 2, '#', '', 'F', '0', '1', 'system:user:add', '#', 'admin', '2021-12-16 09:39:17', '', NULL, '');
INSERT INTO `sys_menu` VALUES (1002, '用户修改', 100, 3, '#', '', 'F', '0', '1', 'system:user:edit', '#', 'admin', '2021-12-16 09:39:17', '', NULL, '');
INSERT INTO `sys_menu` VALUES (1003, '用户删除', 100, 4, '#', '', 'F', '0', '1', 'system:user:remove', '#', 'admin', '2021-12-16 09:39:17', '', NULL, '');
INSERT INTO `sys_menu` VALUES (1004, '用户导出', 100, 5, '#', '', 'F', '0', '1', 'system:user:export', '#', 'admin', '2021-12-16 09:39:17', '', NULL, '');
INSERT INTO `sys_menu` VALUES (1005, '用户导入', 100, 6, '#', '', 'F', '0', '1', 'system:user:import', '#', 'admin', '2021-12-16 09:39:17', '', NULL, '');
INSERT INTO `sys_menu` VALUES (1006, '重置密码', 100, 7, '#', '', 'F', '0', '1', 'system:user:resetPwd', '#', 'admin', '2021-12-16 09:39:17', '', NULL, '');
INSERT INTO `sys_menu` VALUES (1007, '角色查询', 101, 1, '#', '', 'F', '0', '1', 'system:role:list', '#', 'admin', '2021-12-16 09:39:17', '', NULL, '');
INSERT INTO `sys_menu` VALUES (1008, '角色新增', 101, 2, '#', '', 'F', '0', '1', 'system:role:add', '#', 'admin', '2021-12-16 09:39:17', '', NULL, '');
INSERT INTO `sys_menu` VALUES (1009, '角色修改', 101, 3, '#', '', 'F', '0', '1', 'system:role:edit', '#', 'admin', '2021-12-16 09:39:17', '', NULL, '');
INSERT INTO `sys_menu` VALUES (1010, '角色删除', 101, 4, '#', '', 'F', '0', '1', 'system:role:remove', '#', 'admin', '2021-12-16 09:39:17', '', NULL, '');
INSERT INTO `sys_menu` VALUES (1011, '角色导出', 101, 5, '#', '', 'F', '0', '1', 'system:role:export', '#', 'admin', '2021-12-16 09:39:17', '', NULL, '');
INSERT INTO `sys_menu` VALUES (1012, '菜单查询', 102, 1, '#', '', 'F', '0', '1', 'system:menu:list', '#', 'admin', '2021-12-16 09:39:17', '', NULL, '');
INSERT INTO `sys_menu` VALUES (1013, '菜单新增', 102, 2, '#', '', 'F', '0', '1', 'system:menu:add', '#', 'admin', '2021-12-16 09:39:17', '', NULL, '');
INSERT INTO `sys_menu` VALUES (1014, '菜单修改', 102, 3, '#', '', 'F', '0', '1', 'system:menu:edit', '#', 'admin', '2021-12-16 09:39:17', '', NULL, '');
INSERT INTO `sys_menu` VALUES (1015, '菜单删除', 102, 4, '#', '', 'F', '0', '1', 'system:menu:remove', '#', 'admin', '2021-12-16 09:39:17', '', NULL, '');
INSERT INTO `sys_menu` VALUES (1016, '部门查询', 103, 1, '#', '', 'F', '0', '1', 'system:dept:list', '#', 'admin', '2021-12-16 09:39:17', '', NULL, '');
INSERT INTO `sys_menu` VALUES (1017, '部门新增', 103, 2, '#', '', 'F', '0', '1', 'system:dept:add', '#', 'admin', '2021-12-16 09:39:17', '', NULL, '');
INSERT INTO `sys_menu` VALUES (1018, '部门修改', 103, 3, '#', '', 'F', '0', '1', 'system:dept:edit', '#', 'admin', '2021-12-16 09:39:17', '', NULL, '');
INSERT INTO `sys_menu` VALUES (1019, '部门删除', 103, 4, '#', '', 'F', '0', '1', 'system:dept:remove', '#', 'admin', '2021-12-16 09:39:17', '', NULL, '');
INSERT INTO `sys_menu` VALUES (1020, '岗位查询', 104, 1, '#', '', 'F', '0', '1', 'system:post:list', '#', 'admin', '2021-12-16 09:39:17', '', NULL, '');
INSERT INTO `sys_menu` VALUES (1021, '岗位新增', 104, 2, '#', '', 'F', '0', '1', 'system:post:add', '#', 'admin', '2021-12-16 09:39:17', '', NULL, '');
INSERT INTO `sys_menu` VALUES (1022, '岗位修改', 104, 3, '#', '', 'F', '0', '1', 'system:post:edit', '#', 'admin', '2021-12-16 09:39:17', '', NULL, '');
INSERT INTO `sys_menu` VALUES (1023, '岗位删除', 104, 4, '#', '', 'F', '0', '1', 'system:post:remove', '#', 'admin', '2021-12-16 09:39:17', '', NULL, '');
INSERT INTO `sys_menu` VALUES (1024, '岗位导出', 104, 5, '#', '', 'F', '0', '1', 'system:post:export', '#', 'admin', '2021-12-16 09:39:17', '', NULL, '');
INSERT INTO `sys_menu` VALUES (1025, '字典查询', 105, 1, '#', '', 'F', '0', '1', 'system:dict:list', '#', 'admin', '2021-12-16 09:39:17', '', NULL, '');
INSERT INTO `sys_menu` VALUES (1026, '字典新增', 105, 2, '#', '', 'F', '0', '1', 'system:dict:add', '#', 'admin', '2021-12-16 09:39:17', '', NULL, '');
INSERT INTO `sys_menu` VALUES (1027, '字典修改', 105, 3, '#', '', 'F', '0', '1', 'system:dict:edit', '#', 'admin', '2021-12-16 09:39:17', '', NULL, '');
INSERT INTO `sys_menu` VALUES (1028, '字典删除', 105, 4, '#', '', 'F', '0', '1', 'system:dict:remove', '#', 'admin', '2021-12-16 09:39:17', '', NULL, '');
INSERT INTO `sys_menu` VALUES (1029, '字典导出', 105, 5, '#', '', 'F', '0', '1', 'system:dict:export', '#', 'admin', '2021-12-16 09:39:17', '', NULL, '');
INSERT INTO `sys_menu` VALUES (1030, '参数查询', 106, 1, '#', '', 'F', '0', '1', 'system:config:list', '#', 'admin', '2021-12-16 09:39:17', '', NULL, '');
INSERT INTO `sys_menu` VALUES (1031, '参数新增', 106, 2, '#', '', 'F', '0', '1', 'system:config:add', '#', 'admin', '2021-12-16 09:39:17', '', NULL, '');
INSERT INTO `sys_menu` VALUES (1032, '参数修改', 106, 3, '#', '', 'F', '0', '1', 'system:config:edit', '#', 'admin', '2021-12-16 09:39:17', '', NULL, '');
INSERT INTO `sys_menu` VALUES (1033, '参数删除', 106, 4, '#', '', 'F', '0', '1', 'system:config:remove', '#', 'admin', '2021-12-16 09:39:17', '', NULL, '');
INSERT INTO `sys_menu` VALUES (1034, '参数导出', 106, 5, '#', '', 'F', '0', '1', 'system:config:export', '#', 'admin', '2021-12-16 09:39:17', '', NULL, '');
INSERT INTO `sys_menu` VALUES (1035, '公告查询', 107, 1, '#', '', 'F', '0', '1', 'system:notice:list', '#', 'admin', '2021-12-16 09:39:17', '', NULL, '');
INSERT INTO `sys_menu` VALUES (1036, '公告新增', 107, 2, '#', '', 'F', '0', '1', 'system:notice:add', '#', 'admin', '2021-12-16 09:39:17', '', NULL, '');
INSERT INTO `sys_menu` VALUES (1037, '公告修改', 107, 3, '#', '', 'F', '0', '1', 'system:notice:edit', '#', 'admin', '2021-12-16 09:39:17', '', NULL, '');
INSERT INTO `sys_menu` VALUES (1038, '公告删除', 107, 4, '#', '', 'F', '0', '1', 'system:notice:remove', '#', 'admin', '2021-12-16 09:39:17', '', NULL, '');
INSERT INTO `sys_menu` VALUES (1039, '操作查询', 500, 1, '#', '', 'F', '0', '1', 'monitor:operlog:list', '#', 'admin', '2021-12-16 09:39:17', '', NULL, '');
INSERT INTO `sys_menu` VALUES (1040, '操作删除', 500, 2, '#', '', 'F', '0', '1', 'monitor:operlog:remove', '#', 'admin', '2021-12-16 09:39:17', '', NULL, '');
INSERT INTO `sys_menu` VALUES (1041, '详细信息', 500, 3, '#', '', 'F', '0', '1', 'monitor:operlog:detail', '#', 'admin', '2021-12-16 09:39:17', '', NULL, '');
INSERT INTO `sys_menu` VALUES (1042, '日志导出', 500, 4, '#', '', 'F', '0', '1', 'monitor:operlog:export', '#', 'admin', '2021-12-16 09:39:17', '', NULL, '');
INSERT INTO `sys_menu` VALUES (1043, '登录查询', 501, 1, '#', '', 'F', '0', '1', 'monitor:logininfor:list', '#', 'admin', '2021-12-16 09:39:17', '', NULL, '');
INSERT INTO `sys_menu` VALUES (1044, '登录删除', 501, 2, '#', '', 'F', '0', '1', 'monitor:logininfor:remove', '#', 'admin', '2021-12-16 09:39:17', '', NULL, '');
INSERT INTO `sys_menu` VALUES (1045, '日志导出', 501, 3, '#', '', 'F', '0', '1', 'monitor:logininfor:export', '#', 'admin', '2021-12-16 09:39:17', '', NULL, '');
INSERT INTO `sys_menu` VALUES (1046, '账户解锁', 501, 4, '#', '', 'F', '0', '1', 'monitor:logininfor:unlock', '#', 'admin', '2021-12-16 09:39:17', '', NULL, '');
INSERT INTO `sys_menu` VALUES (1047, '在线查询', 109, 1, '#', '', 'F', '0', '1', 'monitor:online:list', '#', 'admin', '2021-12-16 09:39:17', '', NULL, '');
INSERT INTO `sys_menu` VALUES (1048, '批量强退', 109, 2, '#', '', 'F', '0', '1', 'monitor:online:batchForceLogout', '#', 'admin', '2021-12-16 09:39:17', '', NULL, '');
INSERT INTO `sys_menu` VALUES (1049, '单条强退', 109, 3, '#', '', 'F', '0', '1', 'monitor:online:forceLogout', '#', 'admin', '2021-12-16 09:39:17', '', NULL, '');
INSERT INTO `sys_menu` VALUES (1050, '任务查询', 110, 1, '#', '', 'F', '0', '1', 'monitor:job:list', '#', 'admin', '2021-12-16 09:39:17', '', NULL, '');
INSERT INTO `sys_menu` VALUES (1051, '任务新增', 110, 2, '#', '', 'F', '0', '1', 'monitor:job:add', '#', 'admin', '2021-12-16 09:39:17', '', NULL, '');
INSERT INTO `sys_menu` VALUES (1052, '任务修改', 110, 3, '#', '', 'F', '0', '1', 'monitor:job:edit', '#', 'admin', '2021-12-16 09:39:17', '', NULL, '');
INSERT INTO `sys_menu` VALUES (1053, '任务删除', 110, 4, '#', '', 'F', '0', '1', 'monitor:job:remove', '#', 'admin', '2021-12-16 09:39:17', '', NULL, '');
INSERT INTO `sys_menu` VALUES (1054, '状态修改', 110, 5, '#', '', 'F', '0', '1', 'monitor:job:changeStatus', '#', 'admin', '2021-12-16 09:39:17', '', NULL, '');
INSERT INTO `sys_menu` VALUES (1055, '任务详细', 110, 6, '#', '', 'F', '0', '1', 'monitor:job:detail', '#', 'admin', '2021-12-16 09:39:17', '', NULL, '');
INSERT INTO `sys_menu` VALUES (1056, '任务导出', 110, 7, '#', '', 'F', '0', '1', 'monitor:job:export', '#', 'admin', '2021-12-16 09:39:17', '', NULL, '');
INSERT INTO `sys_menu` VALUES (1057, '生成查询', 115, 1, '#', '', 'F', '0', '1', 'tool:gen:list', '#', 'admin', '2021-12-16 09:39:17', '', NULL, '');
INSERT INTO `sys_menu` VALUES (1058, '生成修改', 115, 2, '#', '', 'F', '0', '1', 'tool:gen:edit', '#', 'admin', '2021-12-16 09:39:17', '', NULL, '');
INSERT INTO `sys_menu` VALUES (1059, '生成删除', 115, 3, '#', '', 'F', '0', '1', 'tool:gen:remove', '#', 'admin', '2021-12-16 09:39:17', '', NULL, '');
INSERT INTO `sys_menu` VALUES (1060, '预览代码', 115, 4, '#', '', 'F', '0', '1', 'tool:gen:preview', '#', 'admin', '2021-12-16 09:39:17', '', NULL, '');
INSERT INTO `sys_menu` VALUES (1061, '生成代码', 115, 5, '#', '', 'F', '0', '1', 'tool:gen:code', '#', 'admin', '2021-12-16 09:39:17', '', NULL, '');
INSERT INTO `sys_menu` VALUES (1062, '学生信息', 0, 4, '#', 'menuItem', 'M', '0', '1', NULL, 'fa fa-address-book', 'admin', '2021-12-16 11:09:12', '', NULL, '');
INSERT INTO `sys_menu` VALUES (1063, '学生信息', 1062, 1, '/nczxwechat/stuinfo', '', 'C', '0', '1', 'nczxwechat:stuinfo:view', '#', 'admin', '2021-12-16 11:12:12', '', NULL, '学生信息菜单');
INSERT INTO `sys_menu` VALUES (1064, '学生信息查询', 1063, 1, '#', '', 'F', '0', '1', 'nczxwechat:stuinfo:list', '#', 'admin', '2021-12-16 11:12:12', '', NULL, '');
INSERT INTO `sys_menu` VALUES (1065, '学生信息新增', 1063, 2, '#', '', 'F', '0', '1', 'nczxwechat:stuinfo:add', '#', 'admin', '2021-12-16 11:12:12', '', NULL, '');
INSERT INTO `sys_menu` VALUES (1066, '学生信息修改', 1063, 3, '#', '', 'F', '0', '1', 'nczxwechat:stuinfo:edit', '#', 'admin', '2021-12-16 11:12:12', '', NULL, '');
INSERT INTO `sys_menu` VALUES (1067, '学生信息删除', 1063, 4, '#', '', 'F', '0', '1', 'nczxwechat:stuinfo:remove', '#', 'admin', '2021-12-16 11:12:12', '', NULL, '');
INSERT INTO `sys_menu` VALUES (1068, '学生信息导出', 1063, 5, '#', '', 'F', '0', '1', 'nczxwechat:stuinfo:export', '#', 'admin', '2021-12-16 11:12:12', '', NULL, '');
INSERT INTO `sys_menu` VALUES (1075, '课程信息', 0, 5, '#', 'menuItem', 'M', '0', '1', NULL, 'fa fa-bank', 'admin', '2021-12-20 12:45:44', '', NULL, '');
INSERT INTO `sys_menu` VALUES (1076, '文化课程信息', 1075, 1, '/nczxwechat/whcours', '', 'C', '0', '1', 'nczxwechat:whcours:view', '#', 'admin', '2021-12-20 12:48:12', '', NULL, '文化课程信息菜单');
INSERT INTO `sys_menu` VALUES (1077, '文化课程信息查询', 1076, 1, '#', '', 'F', '0', '1', 'nczxwechat:whcours:list', '#', 'admin', '2021-12-20 12:48:12', '', NULL, '');
INSERT INTO `sys_menu` VALUES (1078, '文化课程信息新增', 1076, 2, '#', '', 'F', '0', '1', 'nczxwechat:whcours:add', '#', 'admin', '2021-12-20 12:48:12', '', NULL, '');
INSERT INTO `sys_menu` VALUES (1079, '文化课程信息修改', 1076, 3, '#', '', 'F', '0', '1', 'nczxwechat:whcours:edit', '#', 'admin', '2021-12-20 12:48:12', '', NULL, '');
INSERT INTO `sys_menu` VALUES (1080, '文化课程信息删除', 1076, 4, '#', '', 'F', '0', '1', 'nczxwechat:whcours:remove', '#', 'admin', '2021-12-20 12:48:12', '', NULL, '');
INSERT INTO `sys_menu` VALUES (1081, '文化课程信息导出', 1076, 5, '#', '', 'F', '0', '1', 'nczxwechat:whcours:export', '#', 'admin', '2021-12-20 12:48:12', '', NULL, '');
INSERT INTO `sys_menu` VALUES (1082, '基础配置', 0, 6, '#', 'menuItem', 'M', '0', '1', NULL, 'fa fa-cogs', 'admin', '2021-12-21 09:50:58', '', NULL, '');
INSERT INTO `sys_menu` VALUES (1083, '选课时间设定', 1082, 1, '/nczxwechat/setselecttime', '', 'C', '0', '1', 'nczxwechat:setselecttime:view', '#', 'admin', '2021-12-21 09:52:32', '', NULL, '选课时间设定菜单');
INSERT INTO `sys_menu` VALUES (1084, '选课时间设定查询', 1083, 1, '#', '', 'F', '0', '1', 'nczxwechat:setselecttime:list', '#', 'admin', '2021-12-21 09:52:32', '', NULL, '');
INSERT INTO `sys_menu` VALUES (1085, '选课时间设定新增', 1083, 2, '#', '', 'F', '0', '1', 'nczxwechat:setselecttime:add', '#', 'admin', '2021-12-21 09:52:32', '', NULL, '');
INSERT INTO `sys_menu` VALUES (1086, '选课时间设定修改', 1083, 3, '#', '', 'F', '0', '1', 'nczxwechat:setselecttime:edit', '#', 'admin', '2021-12-21 09:52:32', '', NULL, '');
INSERT INTO `sys_menu` VALUES (1087, '选课时间设定删除', 1083, 4, '#', '', 'F', '0', '1', 'nczxwechat:setselecttime:remove', '#', 'admin', '2021-12-21 09:52:33', '', NULL, '');
INSERT INTO `sys_menu` VALUES (1088, '选课时间设定导出', 1083, 5, '#', '', 'F', '0', '1', 'nczxwechat:setselecttime:export', '#', 'admin', '2021-12-21 09:52:33', '', NULL, '');
INSERT INTO `sys_menu` VALUES (1089, '选课结果', 0, 6, '#', 'menuItem', 'M', '0', '1', NULL, 'fa fa-address-card-o', 'admin', '2022-01-19 11:12:55', '', NULL, '');
INSERT INTO `sys_menu` VALUES (1090, '文化课程', 1089, 1, '/nczxwechat/selectwhresult', '', 'C', '0', '1', 'nczxwechat:selectwhresult:view', '#', 'admin', '2022-01-19 11:21:10', '', NULL, '文化课程菜单');
INSERT INTO `sys_menu` VALUES (1091, '文化课程查询', 1090, 1, '#', '', 'F', '0', '1', 'nczxwechat:selectwhresult:list', '#', 'admin', '2022-01-19 11:21:10', '', NULL, '');
INSERT INTO `sys_menu` VALUES (1092, '文化课程新增', 1090, 2, '#', '', 'F', '0', '1', 'nczxwechat:selectwhresult:add', '#', 'admin', '2022-01-19 11:21:10', '', NULL, '');
INSERT INTO `sys_menu` VALUES (1093, '文化课程修改', 1090, 3, '#', '', 'F', '0', '1', 'nczxwechat:selectwhresult:edit', '#', 'admin', '2022-01-19 11:21:10', '', NULL, '');
INSERT INTO `sys_menu` VALUES (1094, '文化课程删除', 1090, 4, '#', '', 'F', '0', '1', 'nczxwechat:selectwhresult:remove', '#', 'admin', '2022-01-19 11:21:10', '', NULL, '');
INSERT INTO `sys_menu` VALUES (1095, '文化课程导出', 1090, 5, '#', '', 'F', '0', '1', 'nczxwechat:selectwhresult:export', '#', 'admin', '2022-01-19 11:21:10', '', NULL, '');

-- ----------------------------
-- Table structure for sys_notice
-- ----------------------------
DROP TABLE IF EXISTS `sys_notice`;
CREATE TABLE `sys_notice`  (
  `notice_id` int(4) NOT NULL AUTO_INCREMENT COMMENT '公告ID',
  `notice_title` varchar(50) CHARACTER SET utf8mb4 COLLATE utf8mb4_unicode_ci NOT NULL COMMENT '公告标题',
  `notice_type` char(1) CHARACTER SET utf8mb4 COLLATE utf8mb4_unicode_ci NOT NULL COMMENT '公告类型（1通知 2公告）',
  `notice_content` varchar(2000) CHARACTER SET utf8mb4 COLLATE utf8mb4_unicode_ci NULL DEFAULT NULL COMMENT '公告内容',
  `status` char(1) CHARACTER SET utf8mb4 COLLATE utf8mb4_unicode_ci NULL DEFAULT '0' COMMENT '公告状态（0正常 1关闭）',
  `create_by` varchar(64) CHARACTER SET utf8mb4 COLLATE utf8mb4_unicode_ci NULL DEFAULT '' COMMENT '创建者',
  `create_time` datetime(0) NULL DEFAULT NULL COMMENT '创建时间',
  `update_by` varchar(64) CHARACTER SET utf8mb4 COLLATE utf8mb4_unicode_ci NULL DEFAULT '' COMMENT '更新者',
  `update_time` datetime(0) NULL DEFAULT NULL COMMENT '更新时间',
  `remark` varchar(255) CHARACTER SET utf8mb4 COLLATE utf8mb4_unicode_ci NULL DEFAULT NULL COMMENT '备注',
  PRIMARY KEY (`notice_id`) USING BTREE
) ENGINE = InnoDB AUTO_INCREMENT = 3 CHARACTER SET = utf8mb4 COLLATE = utf8mb4_unicode_ci COMMENT = '通知公告表' ROW_FORMAT = Dynamic;

-- ----------------------------
-- Records of sys_notice
-- ----------------------------
INSERT INTO `sys_notice` VALUES (1, '温馨提醒：2018-07-01 若依新版本发布啦', '2', '新版本内容', '0', 'admin', '2021-12-16 09:39:21', '', NULL, '管理员');
INSERT INTO `sys_notice` VALUES (2, '维护通知：2018-07-01 若依系统凌晨维护', '1', '维护内容', '0', 'admin', '2021-12-16 09:39:21', '', NULL, '管理员');

-- ----------------------------
-- Table structure for sys_oper_log
-- ----------------------------
DROP TABLE IF EXISTS `sys_oper_log`;
CREATE TABLE `sys_oper_log`  (
  `oper_id` bigint(20) NOT NULL AUTO_INCREMENT COMMENT '日志主键',
  `title` varchar(50) CHARACTER SET utf8mb4 COLLATE utf8mb4_unicode_ci NULL DEFAULT '' COMMENT '模块标题',
  `business_type` int(2) NULL DEFAULT 0 COMMENT '业务类型（0其它 1新增 2修改 3删除）',
  `method` varchar(100) CHARACTER SET utf8mb4 COLLATE utf8mb4_unicode_ci NULL DEFAULT '' COMMENT '方法名称',
  `request_method` varchar(10) CHARACTER SET utf8mb4 COLLATE utf8mb4_unicode_ci NULL DEFAULT '' COMMENT '请求方式',
  `operator_type` int(1) NULL DEFAULT 0 COMMENT '操作类别（0其它 1后台用户 2手机端用户）',
  `oper_name` varchar(50) CHARACTER SET utf8mb4 COLLATE utf8mb4_unicode_ci NULL DEFAULT '' COMMENT '操作人员',
  `dept_name` varchar(50) CHARACTER SET utf8mb4 COLLATE utf8mb4_unicode_ci NULL DEFAULT '' COMMENT '部门名称',
  `oper_url` varchar(255) CHARACTER SET utf8mb4 COLLATE utf8mb4_unicode_ci NULL DEFAULT '' COMMENT '请求URL',
  `oper_ip` varchar(128) CHARACTER SET utf8mb4 COLLATE utf8mb4_unicode_ci NULL DEFAULT '' COMMENT '主机地址',
  `oper_location` varchar(255) CHARACTER SET utf8mb4 COLLATE utf8mb4_unicode_ci NULL DEFAULT '' COMMENT '操作地点',
  `oper_param` varchar(2000) CHARACTER SET utf8mb4 COLLATE utf8mb4_unicode_ci NULL DEFAULT '' COMMENT '请求参数',
  `json_result` varchar(2000) CHARACTER SET utf8mb4 COLLATE utf8mb4_unicode_ci NULL DEFAULT '' COMMENT '返回参数',
  `status` int(1) NULL DEFAULT 0 COMMENT '操作状态（0正常 1异常）',
  `error_msg` varchar(2000) CHARACTER SET utf8mb4 COLLATE utf8mb4_unicode_ci NULL DEFAULT '' COMMENT '错误消息',
  `oper_time` datetime(0) NULL DEFAULT NULL COMMENT '操作时间',
  PRIMARY KEY (`oper_id`) USING BTREE
) ENGINE = InnoDB AUTO_INCREMENT = 61 CHARACTER SET = utf8mb4 COLLATE = utf8mb4_unicode_ci COMMENT = '操作日志记录' ROW_FORMAT = Dynamic;

-- ----------------------------
-- Records of sys_oper_log
-- ----------------------------
INSERT INTO `sys_oper_log` VALUES (1, '代码生成', 6, 'com.ruoyi.project.tool.gen.controller.GenController.importTableSave()', 'POST', 1, 'admin', '研发部门', '/tool/gen/importTable', '127.0.0.1', '内网IP', '{\"tables\":[\"nczx_wx_stuinfo\"]}', '{\"msg\":\"操作成功\",\"code\":0}', 0, NULL, '2021-12-16 10:56:36');
INSERT INTO `sys_oper_log` VALUES (2, '字典类型', 1, 'com.ruoyi.project.system.dict.controller.DictTypeController.addSave()', 'POST', 1, 'admin', '研发部门', '/system/dict/add', '127.0.0.1', '内网IP', '{\"dictName\":[\"学生班级\"],\"dictType\":[\"stuclassname\"],\"status\":[\"0\"],\"remark\":[\"学生班级\"]}', '{\"msg\":\"操作成功\",\"code\":0}', 0, NULL, '2021-12-16 10:57:42');
INSERT INTO `sys_oper_log` VALUES (3, '字典数据', 1, 'com.ruoyi.project.system.dict.controller.DictDataController.addSave()', 'POST', 1, 'admin', '研发部门', '/system/dict/data/add', '127.0.0.1', '内网IP', '{\"dictLabel\":[\"高一1班\"],\"dictValue\":[\"高一1班\"],\"dictType\":[\"stuclassname\"],\"cssClass\":[\"\"],\"dictSort\":[\"1\"],\"listClass\":[\"\"],\"isDefault\":[\"Y\"],\"status\":[\"0\"],\"remark\":[\"高一1班\"]}', '{\"msg\":\"操作成功\",\"code\":0}', 0, NULL, '2021-12-16 10:58:05');
INSERT INTO `sys_oper_log` VALUES (4, '字典数据', 1, 'com.ruoyi.project.system.dict.controller.DictDataController.addSave()', 'POST', 1, 'admin', '研发部门', '/system/dict/data/add', '127.0.0.1', '内网IP', '{\"dictLabel\":[\"高一2班\"],\"dictValue\":[\"高一2班\"],\"dictType\":[\"stuclassname\"],\"cssClass\":[\"\"],\"dictSort\":[\"2\"],\"listClass\":[\"\"],\"isDefault\":[\"Y\"],\"status\":[\"0\"],\"remark\":[\"高一2班\"]}', '{\"msg\":\"操作成功\",\"code\":0}', 0, NULL, '2021-12-16 10:58:23');
INSERT INTO `sys_oper_log` VALUES (5, '字典数据', 1, 'com.ruoyi.project.system.dict.controller.DictDataController.addSave()', 'POST', 1, 'admin', '研发部门', '/system/dict/data/add', '127.0.0.1', '内网IP', '{\"dictLabel\":[\"高一3班\"],\"dictValue\":[\"高一3班\"],\"dictType\":[\"stuclassname\"],\"cssClass\":[\"\"],\"dictSort\":[\"3\"],\"listClass\":[\"\"],\"isDefault\":[\"Y\"],\"status\":[\"0\"],\"remark\":[\"高一3班\"]}', '{\"msg\":\"操作成功\",\"code\":0}', 0, NULL, '2021-12-16 10:58:40');
INSERT INTO `sys_oper_log` VALUES (6, '字典数据', 1, 'com.ruoyi.project.system.dict.controller.DictDataController.addSave()', 'POST', 1, 'admin', '研发部门', '/system/dict/data/add', '127.0.0.1', '内网IP', '{\"dictLabel\":[\"高一4班\"],\"dictValue\":[\"高一4班\"],\"dictType\":[\"stuclassname\"],\"cssClass\":[\"\"],\"dictSort\":[\"4\"],\"listClass\":[\"\"],\"isDefault\":[\"Y\"],\"status\":[\"0\"],\"remark\":[\"高一4班\"]}', '{\"msg\":\"操作成功\",\"code\":0}', 0, NULL, '2021-12-16 10:58:56');
INSERT INTO `sys_oper_log` VALUES (7, '字典数据', 1, 'com.ruoyi.project.system.dict.controller.DictDataController.addSave()', 'POST', 1, 'admin', '研发部门', '/system/dict/data/add', '127.0.0.1', '内网IP', '{\"dictLabel\":[\"高一5班\"],\"dictValue\":[\"高一5班\"],\"dictType\":[\"stuclassname\"],\"cssClass\":[\"\"],\"dictSort\":[\"5\"],\"listClass\":[\"\"],\"isDefault\":[\"Y\"],\"status\":[\"0\"],\"remark\":[\"\"]}', '{\"msg\":\"操作成功\",\"code\":0}', 0, NULL, '2021-12-16 10:59:12');
INSERT INTO `sys_oper_log` VALUES (8, '字典数据', 1, 'com.ruoyi.project.system.dict.controller.DictDataController.addSave()', 'POST', 1, 'admin', '研发部门', '/system/dict/data/add', '127.0.0.1', '内网IP', '{\"dictLabel\":[\"高一6班\"],\"dictValue\":[\"高一6班\"],\"dictType\":[\"stuclassname\"],\"cssClass\":[\"\"],\"dictSort\":[\"6\"],\"listClass\":[\"\"],\"isDefault\":[\"Y\"],\"status\":[\"0\"],\"remark\":[\"\"]}', '{\"msg\":\"操作成功\",\"code\":0}', 0, NULL, '2021-12-16 10:59:23');
INSERT INTO `sys_oper_log` VALUES (9, '字典数据', 1, 'com.ruoyi.project.system.dict.controller.DictDataController.addSave()', 'POST', 1, 'admin', '研发部门', '/system/dict/data/add', '127.0.0.1', '内网IP', '{\"dictLabel\":[\"高一7班\"],\"dictValue\":[\"高一7班\"],\"dictType\":[\"stuclassname\"],\"cssClass\":[\"\"],\"dictSort\":[\"7\"],\"listClass\":[\"\"],\"isDefault\":[\"Y\"],\"status\":[\"0\"],\"remark\":[\"\"]}', '{\"msg\":\"操作成功\",\"code\":0}', 0, NULL, '2021-12-16 10:59:35');
INSERT INTO `sys_oper_log` VALUES (10, '字典数据', 1, 'com.ruoyi.project.system.dict.controller.DictDataController.addSave()', 'POST', 1, 'admin', '研发部门', '/system/dict/data/add', '127.0.0.1', '内网IP', '{\"dictLabel\":[\"高一8班\"],\"dictValue\":[\"高一8班\"],\"dictType\":[\"stuclassname\"],\"cssClass\":[\"\"],\"dictSort\":[\"8\"],\"listClass\":[\"\"],\"isDefault\":[\"Y\"],\"status\":[\"0\"],\"remark\":[\"\"]}', '{\"msg\":\"操作成功\",\"code\":0}', 0, NULL, '2021-12-16 11:00:01');
INSERT INTO `sys_oper_log` VALUES (11, '字典数据', 1, 'com.ruoyi.project.system.dict.controller.DictDataController.addSave()', 'POST', 1, 'admin', '研发部门', '/system/dict/data/add', '127.0.0.1', '内网IP', '{\"dictLabel\":[\"高一9班\"],\"dictValue\":[\"高一9班\"],\"dictType\":[\"stuclassname\"],\"cssClass\":[\"\"],\"dictSort\":[\"9\"],\"listClass\":[\"\"],\"isDefault\":[\"Y\"],\"status\":[\"0\"],\"remark\":[\"\"]}', '{\"msg\":\"操作成功\",\"code\":0}', 0, NULL, '2021-12-16 11:01:55');
INSERT INTO `sys_oper_log` VALUES (12, '字典数据', 1, 'com.ruoyi.project.system.dict.controller.DictDataController.addSave()', 'POST', 1, 'admin', '研发部门', '/system/dict/data/add', '127.0.0.1', '内网IP', '{\"dictLabel\":[\"高一10班\"],\"dictValue\":[\"高一10班\"],\"dictType\":[\"stuclassname\"],\"cssClass\":[\"\"],\"dictSort\":[\"10\"],\"listClass\":[\"\"],\"isDefault\":[\"Y\"],\"status\":[\"0\"],\"remark\":[\"\"]}', '{\"msg\":\"操作成功\",\"code\":0}', 0, NULL, '2021-12-16 11:02:04');
INSERT INTO `sys_oper_log` VALUES (13, '字典数据', 1, 'com.ruoyi.project.system.dict.controller.DictDataController.addSave()', 'POST', 1, 'admin', '研发部门', '/system/dict/data/add', '127.0.0.1', '内网IP', '{\"dictLabel\":[\"高一11班\"],\"dictValue\":[\"高一11班\"],\"dictType\":[\"stuclassname\"],\"cssClass\":[\"\"],\"dictSort\":[\"11\"],\"listClass\":[\"\"],\"isDefault\":[\"Y\"],\"status\":[\"0\"],\"remark\":[\"\"]}', '{\"msg\":\"操作成功\",\"code\":0}', 0, NULL, '2021-12-16 11:02:19');
INSERT INTO `sys_oper_log` VALUES (14, '字典数据', 1, 'com.ruoyi.project.system.dict.controller.DictDataController.addSave()', 'POST', 1, 'admin', '研发部门', '/system/dict/data/add', '127.0.0.1', '内网IP', '{\"dictLabel\":[\"高一12班\"],\"dictValue\":[\"高一12班\"],\"dictType\":[\"stuclassname\"],\"cssClass\":[\"\"],\"dictSort\":[\"12\"],\"listClass\":[\"\"],\"isDefault\":[\"Y\"],\"status\":[\"0\"],\"remark\":[\"\"]}', '{\"msg\":\"操作成功\",\"code\":0}', 0, NULL, '2021-12-16 11:02:30');
INSERT INTO `sys_oper_log` VALUES (15, '字典数据', 1, 'com.ruoyi.project.system.dict.controller.DictDataController.addSave()', 'POST', 1, 'admin', '研发部门', '/system/dict/data/add', '127.0.0.1', '内网IP', '{\"dictLabel\":[\"高一13班\"],\"dictValue\":[\"高一13班\"],\"dictType\":[\"stuclassname\"],\"cssClass\":[\"\"],\"dictSort\":[\"13\"],\"listClass\":[\"\"],\"isDefault\":[\"Y\"],\"status\":[\"0\"],\"remark\":[\"\"]}', '{\"msg\":\"操作成功\",\"code\":0}', 0, NULL, '2021-12-16 11:02:44');
INSERT INTO `sys_oper_log` VALUES (16, '字典数据', 1, 'com.ruoyi.project.system.dict.controller.DictDataController.addSave()', 'POST', 1, 'admin', '研发部门', '/system/dict/data/add', '127.0.0.1', '内网IP', '{\"dictLabel\":[\"高一14班\"],\"dictValue\":[\"高一14班\"],\"dictType\":[\"stuclassname\"],\"cssClass\":[\"\"],\"dictSort\":[\"14\"],\"listClass\":[\"\"],\"isDefault\":[\"Y\"],\"status\":[\"0\"],\"remark\":[\"\"]}', '{\"msg\":\"操作成功\",\"code\":0}', 0, NULL, '2021-12-16 11:02:59');
INSERT INTO `sys_oper_log` VALUES (17, '字典类型', 1, 'com.ruoyi.project.system.dict.controller.DictTypeController.addSave()', 'POST', 1, 'admin', '研发部门', '/system/dict/add', '127.0.0.1', '内网IP', '{\"dictName\":[\"选课状态\"],\"dictType\":[\"stuselectstate\"],\"status\":[\"0\"],\"remark\":[\"学生选课状态\"]}', '{\"msg\":\"操作成功\",\"code\":0}', 0, NULL, '2021-12-16 11:05:04');
INSERT INTO `sys_oper_log` VALUES (18, '字典数据', 1, 'com.ruoyi.project.system.dict.controller.DictDataController.addSave()', 'POST', 1, 'admin', '研发部门', '/system/dict/data/add', '127.0.0.1', '内网IP', '{\"dictLabel\":[\"未选课\"],\"dictValue\":[\"0\"],\"dictType\":[\"stuselectstate\"],\"cssClass\":[\"\"],\"dictSort\":[\"1\"],\"listClass\":[\"warning\"],\"isDefault\":[\"Y\"],\"status\":[\"0\"],\"remark\":[\"\"]}', '{\"msg\":\"操作成功\",\"code\":0}', 0, NULL, '2021-12-16 11:05:59');
INSERT INTO `sys_oper_log` VALUES (19, '字典数据', 1, 'com.ruoyi.project.system.dict.controller.DictDataController.addSave()', 'POST', 1, 'admin', '研发部门', '/system/dict/data/add', '127.0.0.1', '内网IP', '{\"dictLabel\":[\"已选课\"],\"dictValue\":[\"1\"],\"dictType\":[\"stuselectstate\"],\"cssClass\":[\"\"],\"dictSort\":[\"2\"],\"listClass\":[\"success\"],\"isDefault\":[\"Y\"],\"status\":[\"0\"],\"remark\":[\"\"]}', '{\"msg\":\"操作成功\",\"code\":0}', 0, NULL, '2021-12-16 11:06:10');
INSERT INTO `sys_oper_log` VALUES (20, '菜单管理', 1, 'com.ruoyi.project.system.menu.controller.MenuController.addSave()', 'POST', 1, 'admin', '研发部门', '/system/menu/add', '127.0.0.1', '内网IP', '{\"parentId\":[\"0\"],\"menuType\":[\"M\"],\"menuName\":[\"学生信息\"],\"url\":[\"\"],\"target\":[\"menuItem\"],\"perms\":[\"\"],\"orderNum\":[\"4\"],\"icon\":[\"fa fa-address-book\"],\"visible\":[\"0\"],\"isRefresh\":[\"1\"]}', '{\"msg\":\"操作成功\",\"code\":0}', 0, NULL, '2021-12-16 11:09:12');
INSERT INTO `sys_oper_log` VALUES (21, '代码生成', 2, 'com.ruoyi.project.tool.gen.controller.GenController.editSave()', 'POST', 1, 'admin', '研发部门', '/tool/gen/edit', '127.0.0.1', '内网IP', '{\"tableId\":[\"1\"],\"tableName\":[\"nczx_wx_stuinfo\"],\"tableComment\":[\"学生信息\"],\"className\":[\"WxStuinfo\"],\"functionAuthor\":[\"阿卜QQ932696181\"],\"remark\":[\"\"],\"columns[0].columnId\":[\"1\"],\"columns[0].sort\":[\"1\"],\"columns[0].columnComment\":[\"id\"],\"columns[0].javaType\":[\"Long\"],\"columns[0].javaField\":[\"id\"],\"columns[0].isInsert\":[\"1\"],\"columns[0].queryType\":[\"EQ\"],\"columns[0].htmlType\":[\"input\"],\"columns[0].dictType\":[\"\"],\"columns[1].columnId\":[\"2\"],\"columns[1].sort\":[\"2\"],\"columns[1].columnComment\":[\"学生唯一ID\"],\"columns[1].javaType\":[\"String\"],\"columns[1].javaField\":[\"stuno\"],\"columns[1].isInsert\":[\"1\"],\"columns[1].isEdit\":[\"1\"],\"columns[1].isList\":[\"1\"],\"columns[1].isQuery\":[\"1\"],\"columns[1].queryType\":[\"EQ\"],\"columns[1].htmlType\":[\"input\"],\"columns[1].dictType\":[\"\"],\"columns[2].columnId\":[\"3\"],\"columns[2].sort\":[\"3\"],\"columns[2].columnComment\":[\"学校代码\"],\"columns[2].javaType\":[\"String\"],\"columns[2].javaField\":[\"schooid\"],\"columns[2].isInsert\":[\"1\"],\"columns[2].isEdit\":[\"1\"],\"columns[2].isList\":[\"1\"],\"columns[2].isQuery\":[\"1\"],\"columns[2].queryType\":[\"EQ\"],\"columns[2].htmlType\":[\"input\"],\"columns[2].dictType\":[\"\"],\"columns[3].columnId\":[\"4\"],\"columns[3].sort\":[\"4\"],\"columns[3].columnComment\":[\"学校名称\"],\"columns[3].javaType\":[\"String\"],\"columns[3].javaField\":[\"schoolname\"],\"columns[3].isInsert\":[\"1\"],\"columns[3].isEdit\":[\"1\"],\"columns[3].isList\":[\"1\"],\"columns[3].queryType\":[\"LIKE\"],\"columns[3].htmlType\":[\"input\"],\"columns[3].dictType\":[\"\"],\"columns[4].columnId\":[\"5\"],\"columns[4].sort\":[\"5\"],\"columns[4].columnComment\":[\"学生姓名\"],\"columns[4].javaType\":[\"String\"],\"columns[4].javaField\":[\"stuname\"],\"columns[4].isInsert\":[\"1\"],\"columns[4].isEdit\":[\"1\"],\"columns[4].isList\":[\"1\"],\"columns[4].isQuery\":[\"1\"],\"columns[4].queryType\":[\"LIKE\"],\"columns[4].htmlType\":[\"input\"],\"columns[4].dictType\":[\"\"],\"columns[5].columnId\":[\"6\"],\"columns[5].sort\":[\"6\"],\"columns[5].columnComment\":[\"学生性别\"],\"columns[5].javaType\":[\"String\"],\"columns[5].javaField\":[\"stusex\"],\"columns[5].isInsert\":[\"1\"],\"columns[5].isEdi', '{\"msg\":\"操作成功\",\"code\":0}', 0, NULL, '2021-12-16 11:10:04');
INSERT INTO `sys_oper_log` VALUES (22, '代码生成', 8, 'com.ruoyi.project.tool.gen.controller.GenController.download()', 'GET', 1, 'admin', '研发部门', '/tool/gen/download/nczx_wx_stuinfo', '127.0.0.1', '内网IP', '\"nczx_wx_stuinfo\"', NULL, 0, NULL, '2021-12-16 11:10:10');
INSERT INTO `sys_oper_log` VALUES (23, '学生信息', 1, 'com.ruoyi.project.nczxwechat.stuinfo.controller.WxStuinfoController.addSave()', 'POST', 1, 'admin', '研发部门', '/nczxwechat/stuinfo/add', '127.0.0.1', '内网IP', '{\"stuno\":[\"20210101\"],\"schooid\":[\"nczx\"],\"schoolname\":[\"天津市南仓中学\"],\"stuname\":[\"胡天\"],\"stusex\":[\"0\"],\"stuclass\":[\"高一1班\"],\"openId\":[\"\"],\"nickName\":[\"\"],\"avatarUrl\":[\"\"],\"firstLoginTime\":[\"\"],\"lastLoginTime\":[\"\"],\"statues\":[\"0\"]}', '{\"msg\":\"操作成功\",\"code\":0}', 0, NULL, '2021-12-16 11:16:56');
INSERT INTO `sys_oper_log` VALUES (24, '代码生成', 6, 'com.ruoyi.project.tool.gen.controller.GenController.importTableSave()', 'POST', 1, 'admin', '研发部门', '/tool/gen/importTable', '127.0.0.1', '内网IP', '{\"tables\":[\"nczx_wx_whcours\"]}', '{\"msg\":\"操作成功\",\"code\":0}', 0, NULL, '2021-12-20 11:28:17');
INSERT INTO `sys_oper_log` VALUES (25, '代码生成', 3, 'com.ruoyi.project.tool.gen.controller.GenController.remove()', 'POST', 1, 'admin', '研发部门', '/tool/gen/remove', '127.0.0.1', '内网IP', '{\"ids\":[\"2\"]}', '{\"msg\":\"操作成功\",\"code\":0}', 0, NULL, '2021-12-20 11:28:35');
INSERT INTO `sys_oper_log` VALUES (26, '菜单管理', 2, 'com.ruoyi.project.system.menu.controller.MenuController.editSave()', 'POST', 1, 'admin', '研发部门', '/system/menu/edit', '127.0.0.1', '内网IP', '{\"menuId\":[\"4\"],\"parentId\":[\"0\"],\"menuType\":[\"C\"],\"menuName\":[\"若依官网\"],\"url\":[\"http://ruoyi.vip\"],\"target\":[\"menuBlank\"],\"perms\":[\"\"],\"orderNum\":[\"4\"],\"icon\":[\"fa fa-location-arrow\"],\"visible\":[\"1\"],\"isRefresh\":[\"1\"]}', '{\"msg\":\"操作成功\",\"code\":0}', 0, NULL, '2021-12-20 12:41:23');
INSERT INTO `sys_oper_log` VALUES (27, '代码生成', 6, 'com.ruoyi.project.tool.gen.controller.GenController.importTableSave()', 'POST', 1, 'admin', '研发部门', '/tool/gen/importTable', '127.0.0.1', '内网IP', '{\"tables\":[\"nczx_wx_whcours\"]}', '{\"msg\":\"操作成功\",\"code\":0}', 0, NULL, '2021-12-20 12:41:45');
INSERT INTO `sys_oper_log` VALUES (28, '字典类型', 1, 'com.ruoyi.project.system.dict.controller.DictTypeController.addSave()', 'POST', 1, 'admin', '研发部门', '/system/dict/add', '127.0.0.1', '内网IP', '{\"dictName\":[\"通用状态\"],\"dictType\":[\"nczx_sys_common_statues\"],\"status\":[\"0\"],\"remark\":[\"通用状态\"]}', '{\"msg\":\"操作成功\",\"code\":0}', 0, NULL, '2021-12-20 12:43:06');
INSERT INTO `sys_oper_log` VALUES (29, '字典数据', 1, 'com.ruoyi.project.system.dict.controller.DictDataController.addSave()', 'POST', 1, 'admin', '研发部门', '/system/dict/data/add', '127.0.0.1', '内网IP', '{\"dictLabel\":[\"开启\"],\"dictValue\":[\"0\"],\"dictType\":[\"nczx_sys_common_statues\"],\"cssClass\":[\"\"],\"dictSort\":[\"1\"],\"listClass\":[\"primary\"],\"isDefault\":[\"Y\"],\"status\":[\"0\"],\"remark\":[\"开启状态\"]}', '{\"msg\":\"操作成功\",\"code\":0}', 0, NULL, '2021-12-20 12:43:39');
INSERT INTO `sys_oper_log` VALUES (30, '字典数据', 1, 'com.ruoyi.project.system.dict.controller.DictDataController.addSave()', 'POST', 1, 'admin', '研发部门', '/system/dict/data/add', '127.0.0.1', '内网IP', '{\"dictLabel\":[\"关闭\"],\"dictValue\":[\"1\"],\"dictType\":[\"nczx_sys_common_statues\"],\"cssClass\":[\"\"],\"dictSort\":[\"2\"],\"listClass\":[\"danger\"],\"isDefault\":[\"Y\"],\"status\":[\"0\"],\"remark\":[\"关闭状态\"]}', '{\"msg\":\"操作成功\",\"code\":0}', 0, NULL, '2021-12-20 12:44:00');
INSERT INTO `sys_oper_log` VALUES (31, '代码生成', 2, 'com.ruoyi.project.tool.gen.controller.GenController.editSave()', 'POST', 1, 'admin', '研发部门', '/tool/gen/edit', '127.0.0.1', '内网IP', '{\"tableId\":[\"3\"],\"tableName\":[\"nczx_wx_whcours\"],\"tableComment\":[\"文化课程信息表\"],\"className\":[\"WxWhcours\"],\"functionAuthor\":[\"阿卜QQ932696181\"],\"remark\":[\"\"],\"columns[0].columnId\":[\"25\"],\"columns[0].sort\":[\"1\"],\"columns[0].columnComment\":[\"id\"],\"columns[0].javaType\":[\"Long\"],\"columns[0].javaField\":[\"id\"],\"columns[0].isInsert\":[\"1\"],\"columns[0].isList\":[\"1\"],\"columns[0].queryType\":[\"EQ\"],\"columns[0].htmlType\":[\"input\"],\"columns[0].dictType\":[\"\"],\"columns[1].columnId\":[\"26\"],\"columns[1].sort\":[\"2\"],\"columns[1].columnComment\":[\"学校代码\"],\"columns[1].javaType\":[\"String\"],\"columns[1].javaField\":[\"schoolid\"],\"columns[1].isInsert\":[\"1\"],\"columns[1].isEdit\":[\"1\"],\"columns[1].isList\":[\"1\"],\"columns[1].queryType\":[\"EQ\"],\"columns[1].htmlType\":[\"input\"],\"columns[1].dictType\":[\"\"],\"columns[2].columnId\":[\"27\"],\"columns[2].sort\":[\"3\"],\"columns[2].columnComment\":[\"学校名称\"],\"columns[2].javaType\":[\"String\"],\"columns[2].javaField\":[\"schoolName\"],\"columns[2].isInsert\":[\"1\"],\"columns[2].isEdit\":[\"1\"],\"columns[2].isList\":[\"1\"],\"columns[2].isQuery\":[\"1\"],\"columns[2].queryType\":[\"LIKE\"],\"columns[2].htmlType\":[\"input\"],\"columns[2].dictType\":[\"\"],\"columns[3].columnId\":[\"28\"],\"columns[3].sort\":[\"4\"],\"columns[3].columnComment\":[\"课程id\"],\"columns[3].javaType\":[\"String\"],\"columns[3].javaField\":[\"courseType\"],\"columns[3].isInsert\":[\"1\"],\"columns[3].isEdit\":[\"1\"],\"columns[3].isList\":[\"1\"],\"columns[3].queryType\":[\"EQ\"],\"columns[3].htmlType\":[\"select\"],\"columns[3].dictType\":[\"\"],\"columns[4].columnId\":[\"29\"],\"columns[4].sort\":[\"5\"],\"columns[4].columnComment\":[\"课程名称\"],\"columns[4].javaType\":[\"String\"],\"columns[4].javaField\":[\"courseName\"],\"columns[4].isInsert\":[\"1\"],\"columns[4].isEdit\":[\"1\"],\"columns[4].isList\":[\"1\"],\"columns[4].isQuery\":[\"1\"],\"columns[4].queryType\":[\"LIKE\"],\"columns[4].htmlType\":[\"input\"],\"columns[4].dictType\":[\"\"],\"columns[5].columnId\":[\"30\"],\"columns[5].sort\":[\"6\"],\"columns[5].columnComment\":[\"教师Id\"],\"columns[5].javaType\":[\"String\"],\"columns[5].javaField\":[\"teacherid\"],\"columns[5].isInsert\":[\"1\"', '{\"msg\":\"操作成功\",\"code\":0}', 0, NULL, '2021-12-20 12:45:00');
INSERT INTO `sys_oper_log` VALUES (32, '菜单管理', 1, 'com.ruoyi.project.system.menu.controller.MenuController.addSave()', 'POST', 1, 'admin', '研发部门', '/system/menu/add', '127.0.0.1', '内网IP', '{\"parentId\":[\"0\"],\"menuType\":[\"M\"],\"menuName\":[\"课程信息\"],\"url\":[\"\"],\"target\":[\"menuItem\"],\"perms\":[\"\"],\"orderNum\":[\"5\"],\"icon\":[\"fa fa-bank\"],\"visible\":[\"0\"],\"isRefresh\":[\"1\"]}', '{\"msg\":\"操作成功\",\"code\":0}', 0, NULL, '2021-12-20 12:45:44');
INSERT INTO `sys_oper_log` VALUES (33, '代码生成', 2, 'com.ruoyi.project.tool.gen.controller.GenController.editSave()', 'POST', 1, 'admin', '研发部门', '/tool/gen/edit', '127.0.0.1', '内网IP', '{\"tableId\":[\"3\"],\"tableName\":[\"nczx_wx_whcours\"],\"tableComment\":[\"文化课程信息表\"],\"className\":[\"WxWhcours\"],\"functionAuthor\":[\"阿卜QQ932696181\"],\"remark\":[\"\"],\"columns[0].columnId\":[\"25\"],\"columns[0].sort\":[\"1\"],\"columns[0].columnComment\":[\"id\"],\"columns[0].javaType\":[\"Long\"],\"columns[0].javaField\":[\"id\"],\"columns[0].isInsert\":[\"1\"],\"columns[0].isList\":[\"1\"],\"columns[0].queryType\":[\"EQ\"],\"columns[0].htmlType\":[\"input\"],\"columns[0].dictType\":[\"\"],\"columns[1].columnId\":[\"26\"],\"columns[1].sort\":[\"2\"],\"columns[1].columnComment\":[\"学校代码\"],\"columns[1].javaType\":[\"String\"],\"columns[1].javaField\":[\"schoolid\"],\"columns[1].isInsert\":[\"1\"],\"columns[1].isEdit\":[\"1\"],\"columns[1].isList\":[\"1\"],\"columns[1].queryType\":[\"EQ\"],\"columns[1].htmlType\":[\"input\"],\"columns[1].dictType\":[\"\"],\"columns[2].columnId\":[\"27\"],\"columns[2].sort\":[\"3\"],\"columns[2].columnComment\":[\"学校名称\"],\"columns[2].javaType\":[\"String\"],\"columns[2].javaField\":[\"schoolName\"],\"columns[2].isInsert\":[\"1\"],\"columns[2].isEdit\":[\"1\"],\"columns[2].isList\":[\"1\"],\"columns[2].isQuery\":[\"1\"],\"columns[2].queryType\":[\"LIKE\"],\"columns[2].htmlType\":[\"input\"],\"columns[2].dictType\":[\"\"],\"columns[3].columnId\":[\"28\"],\"columns[3].sort\":[\"4\"],\"columns[3].columnComment\":[\"课程id\"],\"columns[3].javaType\":[\"String\"],\"columns[3].javaField\":[\"courseType\"],\"columns[3].isInsert\":[\"1\"],\"columns[3].isEdit\":[\"1\"],\"columns[3].isList\":[\"1\"],\"columns[3].queryType\":[\"EQ\"],\"columns[3].htmlType\":[\"select\"],\"columns[3].dictType\":[\"\"],\"columns[4].columnId\":[\"29\"],\"columns[4].sort\":[\"5\"],\"columns[4].columnComment\":[\"课程名称\"],\"columns[4].javaType\":[\"String\"],\"columns[4].javaField\":[\"courseName\"],\"columns[4].isInsert\":[\"1\"],\"columns[4].isEdit\":[\"1\"],\"columns[4].isList\":[\"1\"],\"columns[4].isQuery\":[\"1\"],\"columns[4].queryType\":[\"LIKE\"],\"columns[4].htmlType\":[\"input\"],\"columns[4].dictType\":[\"\"],\"columns[5].columnId\":[\"30\"],\"columns[5].sort\":[\"6\"],\"columns[5].columnComment\":[\"教师Id\"],\"columns[5].javaType\":[\"String\"],\"columns[5].javaField\":[\"teacherid\"],\"columns[5].isInsert\":[\"1\"', '{\"msg\":\"操作成功\",\"code\":0}', 0, NULL, '2021-12-20 12:46:20');
INSERT INTO `sys_oper_log` VALUES (34, '代码生成', 8, 'com.ruoyi.project.tool.gen.controller.GenController.download()', 'GET', 1, 'admin', '研发部门', '/tool/gen/download/nczx_wx_whcours', '127.0.0.1', '内网IP', '\"nczx_wx_whcours\"', NULL, 0, NULL, '2021-12-20 12:46:58');
INSERT INTO `sys_oper_log` VALUES (35, '文化课程信息', 1, 'com.ruoyi.project.nczxwechat.whcours.controller.WxWhcoursController.addSave()', 'POST', 1, 'admin', '研发部门', '/nczxwechat/whcours/add', '127.0.0.1', '内网IP', '{\"schoolid\":[\"nczx\"],\"schoolName\":[\"天津市南仓中学\"],\"courseName\":[\"语文\"],\"teacherid\":[\"1\"],\"techaer\":[\"\"],\"remark\":[\"\"],\"statues\":[\"0\"]}', '{\"msg\":\"操作成功\",\"code\":0}', 0, NULL, '2021-12-20 12:50:05');
INSERT INTO `sys_oper_log` VALUES (36, '文化课程信息', 2, 'com.ruoyi.project.nczxwechat.whcours.controller.WxWhcoursController.editSave()', 'POST', 1, 'admin', '研发部门', '/nczxwechat/whcours/edit', '127.0.0.1', '内网IP', '{\"id\":[\"1\"],\"schoolid\":[\"nczx\"],\"schoolName\":[\"天津市南仓中学\"],\"courseName\":[\"物理\"],\"teacherid\":[\"1\"],\"techaer\":[\"\"],\"remark\":[\"\"],\"statues\":[\"0\"]}', '{\"msg\":\"操作成功\",\"code\":0}', 0, NULL, '2021-12-20 12:50:17');
INSERT INTO `sys_oper_log` VALUES (37, '文化课程信息', 1, 'com.ruoyi.project.nczxwechat.whcours.controller.WxWhcoursController.addSave()', 'POST', 1, 'admin', '研发部门', '/nczxwechat/whcours/add', '127.0.0.1', '内网IP', '{\"schoolid\":[\"nczx\"],\"schoolName\":[\"天津市南仓中学\"],\"courseName\":[\"化学\"],\"teacherid\":[\"1\"],\"techaer\":[\"1\"],\"remark\":[\"\"],\"statues\":[\"0\"]}', '{\"msg\":\"操作成功\",\"code\":0}', 0, NULL, '2021-12-20 12:50:38');
INSERT INTO `sys_oper_log` VALUES (38, '文化课程信息', 2, 'com.ruoyi.project.nczxwechat.whcours.controller.WxWhcoursController.editSave()', 'POST', 1, 'admin', '研发部门', '/nczxwechat/whcours/edit', '127.0.0.1', '内网IP', '{\"id\":[\"1\"],\"schoolid\":[\"nczx\"],\"schoolName\":[\"天津市南仓中学\"],\"courseName\":[\"物理\"],\"teacherid\":[\"1\"],\"techaer\":[\"1\"],\"remark\":[\"\"],\"statues\":[\"0\"]}', '{\"msg\":\"操作成功\",\"code\":0}', 0, NULL, '2021-12-20 12:50:47');
INSERT INTO `sys_oper_log` VALUES (39, '文化课程信息', 1, 'com.ruoyi.project.nczxwechat.whcours.controller.WxWhcoursController.addSave()', 'POST', 1, 'admin', '研发部门', '/nczxwechat/whcours/add', '127.0.0.1', '内网IP', '{\"schoolid\":[\"nczx\"],\"schoolName\":[\"天津市南仓中学\"],\"courseName\":[\"生物\"],\"teacherid\":[\"1\"],\"techaer\":[\"1\"],\"remark\":[\"1\"],\"statues\":[\"0\"]}', '{\"msg\":\"操作成功\",\"code\":0}', 0, NULL, '2021-12-20 12:51:22');
INSERT INTO `sys_oper_log` VALUES (40, '文化课程信息', 1, 'com.ruoyi.project.nczxwechat.whcours.controller.WxWhcoursController.addSave()', 'POST', 1, 'admin', '研发部门', '/nczxwechat/whcours/add', '127.0.0.1', '内网IP', '{\"schoolid\":[\"nczx\"],\"schoolName\":[\"天津市南仓中学\"],\"courseName\":[\"历史\"],\"teacherid\":[\"1\"],\"techaer\":[\"1\"],\"remark\":[\"\"],\"statues\":[\"0\"]}', '{\"msg\":\"操作成功\",\"code\":0}', 0, NULL, '2021-12-20 12:51:46');
INSERT INTO `sys_oper_log` VALUES (41, '文化课程信息', 1, 'com.ruoyi.project.nczxwechat.whcours.controller.WxWhcoursController.addSave()', 'POST', 1, 'admin', '研发部门', '/nczxwechat/whcours/add', '127.0.0.1', '内网IP', '{\"schoolid\":[\"nczx\"],\"schoolName\":[\"天津市南仓中学\"],\"courseName\":[\"历史\"],\"teacherid\":[\"1\"],\"techaer\":[\"1\"],\"remark\":[\"\"],\"statues\":[\"0\"]}', '{\"msg\":\"操作成功\",\"code\":0}', 0, NULL, '2021-12-20 12:52:10');
INSERT INTO `sys_oper_log` VALUES (42, '文化课程信息', 2, 'com.ruoyi.project.nczxwechat.whcours.controller.WxWhcoursController.editSave()', 'POST', 1, 'admin', '研发部门', '/nczxwechat/whcours/edit', '127.0.0.1', '内网IP', '{\"id\":[\"4\"],\"schoolid\":[\"nczx\"],\"schoolName\":[\"天津市南仓中学\"],\"courseName\":[\"政治\"],\"teacherid\":[\"1\"],\"techaer\":[\"1\"],\"remark\":[\"\"],\"statues\":[\"0\"]}', '{\"msg\":\"操作成功\",\"code\":0}', 0, NULL, '2021-12-20 12:52:18');
INSERT INTO `sys_oper_log` VALUES (43, '文化课程信息', 1, 'com.ruoyi.project.nczxwechat.whcours.controller.WxWhcoursController.addSave()', 'POST', 1, 'admin', '研发部门', '/nczxwechat/whcours/add', '127.0.0.1', '内网IP', '{\"schoolid\":[\"nczx\"],\"schoolName\":[\"天津市南仓中学\"],\"courseName\":[\"地理\"],\"teacherid\":[\"1\"],\"techaer\":[\"1\"],\"remark\":[\"1\"],\"statues\":[\"0\"]}', '{\"msg\":\"操作成功\",\"code\":0}', 0, NULL, '2021-12-20 12:52:45');
INSERT INTO `sys_oper_log` VALUES (44, '代码生成', 6, 'com.ruoyi.project.tool.gen.controller.GenController.importTableSave()', 'POST', 1, 'admin', '研发部门', '/tool/gen/importTable', '127.0.0.1', '内网IP', '{\"tables\":[\"nczx_wx_setselecttime\"]}', '{\"msg\":\"操作成功\",\"code\":0}', 0, NULL, '2021-12-21 09:48:48');
INSERT INTO `sys_oper_log` VALUES (45, '菜单管理', 1, 'com.ruoyi.project.system.menu.controller.MenuController.addSave()', 'POST', 1, 'admin', '研发部门', '/system/menu/add', '127.0.0.1', '内网IP', '{\"parentId\":[\"0\"],\"menuType\":[\"M\"],\"menuName\":[\"基础配置\"],\"url\":[\"\"],\"target\":[\"menuItem\"],\"perms\":[\"\"],\"orderNum\":[\"6\"],\"icon\":[\"fa fa-cogs\"],\"visible\":[\"0\"],\"isRefresh\":[\"1\"]}', '{\"msg\":\"操作成功\",\"code\":0}', 0, NULL, '2021-12-21 09:50:58');
INSERT INTO `sys_oper_log` VALUES (46, '代码生成', 2, 'com.ruoyi.project.tool.gen.controller.GenController.editSave()', 'POST', 1, 'admin', '研发部门', '/tool/gen/edit', '127.0.0.1', '内网IP', '{\"tableId\":[\"4\"],\"tableName\":[\"nczx_wx_setselecttime\"],\"tableComment\":[\"选课时间设定表\"],\"className\":[\"WxSetselecttime\"],\"functionAuthor\":[\"阿卜QQ932696181\"],\"remark\":[\"\"],\"columns[0].columnId\":[\"38\"],\"columns[0].sort\":[\"1\"],\"columns[0].columnComment\":[\"id\"],\"columns[0].javaType\":[\"Long\"],\"columns[0].javaField\":[\"id\"],\"columns[0].isInsert\":[\"1\"],\"columns[0].queryType\":[\"EQ\"],\"columns[0].htmlType\":[\"input\"],\"columns[0].dictType\":[\"\"],\"columns[1].columnId\":[\"39\"],\"columns[1].sort\":[\"2\"],\"columns[1].columnComment\":[\"学校代码\"],\"columns[1].javaType\":[\"String\"],\"columns[1].javaField\":[\"schoolid\"],\"columns[1].isInsert\":[\"1\"],\"columns[1].isEdit\":[\"1\"],\"columns[1].isList\":[\"1\"],\"columns[1].queryType\":[\"EQ\"],\"columns[1].htmlType\":[\"input\"],\"columns[1].dictType\":[\"\"],\"columns[2].columnId\":[\"40\"],\"columns[2].sort\":[\"3\"],\"columns[2].columnComment\":[\"学校名称\"],\"columns[2].javaType\":[\"String\"],\"columns[2].javaField\":[\"schoolname\"],\"columns[2].isInsert\":[\"1\"],\"columns[2].isEdit\":[\"1\"],\"columns[2].isList\":[\"1\"],\"columns[2].isQuery\":[\"1\"],\"columns[2].queryType\":[\"LIKE\"],\"columns[2].htmlType\":[\"input\"],\"columns[2].dictType\":[\"\"],\"columns[3].columnId\":[\"41\"],\"columns[3].sort\":[\"4\"],\"columns[3].columnComment\":[\"开始时间\"],\"columns[3].javaType\":[\"Date\"],\"columns[3].javaField\":[\"starttime\"],\"columns[3].isInsert\":[\"1\"],\"columns[3].isEdit\":[\"1\"],\"columns[3].isList\":[\"1\"],\"columns[3].queryType\":[\"EQ\"],\"columns[3].htmlType\":[\"datetime\"],\"columns[3].dictType\":[\"\"],\"columns[4].columnId\":[\"42\"],\"columns[4].sort\":[\"5\"],\"columns[4].columnComment\":[\"结束时间\"],\"columns[4].javaType\":[\"Date\"],\"columns[4].javaField\":[\"endtime\"],\"columns[4].isInsert\":[\"1\"],\"columns[4].isEdit\":[\"1\"],\"columns[4].isList\":[\"1\"],\"columns[4].queryType\":[\"EQ\"],\"columns[4].htmlType\":[\"datetime\"],\"columns[4].dictType\":[\"\"],\"columns[5].columnId\":[\"43\"],\"columns[5].sort\":[\"6\"],\"columns[5].columnComment\":[\"创建者\"],\"columns[5].javaType\":[\"String\"],\"columns[5].javaField\":[\"createBy\"],\"columns[5].isInsert\":[\"1\"],\"columns[5].queryType\":[\"EQ\"],\"columns[5].html', '{\"msg\":\"操作成功\",\"code\":0}', 0, NULL, '2021-12-21 09:51:28');
INSERT INTO `sys_oper_log` VALUES (47, '代码生成', 8, 'com.ruoyi.project.tool.gen.controller.GenController.download()', 'GET', 1, 'admin', '研发部门', '/tool/gen/download/nczx_wx_setselecttime', '127.0.0.1', '内网IP', '\"nczx_wx_setselecttime\"', NULL, 0, NULL, '2021-12-21 09:51:31');
INSERT INTO `sys_oper_log` VALUES (48, '选课时间设定', 1, 'com.ruoyi.project.nczxwechat.setselecttime.controller.WxSetselecttimeController.addSave()', 'POST', 1, 'admin', '研发部门', '/nczxwechat/setselecttime/add', '127.0.0.1', '内网IP', '{\"schoolid\":[\"nczx\"],\"schoolname\":[\"天津市南仓中学\"],\"starttime\":[\"2021-12-22 10:03:09\"],\"endtime\":[\"2021-12-22 10:03:09\"],\"remark\":[\"\"]}', NULL, 1, '\r\n### Error updating database.  Cause: java.sql.SQLException: Field \'id\' doesn\'t have a default value\r\n### The error may exist in file [E:\\Wx\\school\\back\\NczxSys\\target\\classes\\mybatis\\nczxwechat\\WxSetselecttimeMapper.xml]\r\n### The error may involve com.ruoyi.project.nczxwechat.setselecttime.mapper.WxSetselecttimeMapper.insertWxSetselecttime-Inline\r\n### The error occurred while setting parameters\r\n### SQL: insert into nczx_wx_setselecttime          ( schoolid,             schoolname,             starttime,             endtime,                          create_time,                                       remark )           values ( ?,             ?,             ?,             ?,                          ?,                                       ? )\r\n### Cause: java.sql.SQLException: Field \'id\' doesn\'t have a default value\n; Field \'id\' doesn\'t have a default value; nested exception is java.sql.SQLException: Field \'id\' doesn\'t have a default value', '2021-12-21 10:03:30');
INSERT INTO `sys_oper_log` VALUES (49, '选课时间设定', 1, 'com.ruoyi.project.nczxwechat.setselecttime.controller.WxSetselecttimeController.addSave()', 'POST', 1, 'admin', '研发部门', '/nczxwechat/setselecttime/add', '127.0.0.1', '内网IP', '{\"schoolid\":[\"nczx\"],\"schoolname\":[\"天津市南仓中学\"],\"starttime\":[\"2021-12-22 10:03:09\"],\"endtime\":[\"2021-12-22 10:03:09\"],\"remark\":[\"\"]}', '{\"msg\":\"操作成功\",\"code\":0}', 0, NULL, '2021-12-21 10:04:02');
INSERT INTO `sys_oper_log` VALUES (50, '选课时间设定', 2, 'com.ruoyi.project.nczxwechat.setselecttime.controller.WxSetselecttimeController.editSave()', 'POST', 1, 'admin', '研发部门', '/nczxwechat/setselecttime/edit', '127.0.0.1', '内网IP', '{\"id\":[\"1\"],\"schoolid\":[\"nczx\"],\"schoolname\":[\"天津市南仓中学\"],\"starttime\":[\"2021-12-21 10:00:09\"],\"endtime\":[\"2021-12-22 10:00:09\"],\"remark\":[\"\"]}', '{\"msg\":\"操作成功\",\"code\":0}', 0, NULL, '2021-12-21 10:07:20');
INSERT INTO `sys_oper_log` VALUES (51, '代码生成', 6, 'com.ruoyi.project.tool.gen.controller.GenController.importTableSave()', 'POST', 1, 'admin', '研发部门', '/tool/gen/importTable', '127.0.0.1', '内网IP', '{\"tables\":[\"nczx_wx_selectresult\"]}', '{\"msg\":\"操作成功\",\"code\":0}', 0, NULL, '2022-01-19 11:11:55');
INSERT INTO `sys_oper_log` VALUES (52, '菜单管理', 1, 'com.ruoyi.project.system.menu.controller.MenuController.addSave()', 'POST', 1, 'admin', '研发部门', '/system/menu/add', '127.0.0.1', '内网IP', '{\"parentId\":[\"0\"],\"menuType\":[\"M\"],\"menuName\":[\"选课结果\"],\"url\":[\"\"],\"target\":[\"menuItem\"],\"perms\":[\"\"],\"orderNum\":[\"6\"],\"icon\":[\"fa fa-address-card-o\"],\"visible\":[\"0\"],\"isRefresh\":[\"1\"]}', '{\"msg\":\"操作成功\",\"code\":0}', 0, NULL, '2022-01-19 11:12:55');
INSERT INTO `sys_oper_log` VALUES (53, '代码生成', 2, 'com.ruoyi.project.tool.gen.controller.GenController.editSave()', 'POST', 1, 'admin', '研发部门', '/tool/gen/edit', '127.0.0.1', '内网IP', '{\"tableId\":[\"5\"],\"tableName\":[\"nczx_wx_selectresult\"],\"tableComment\":[\"文化课程结果\"],\"className\":[\"WxWhSelectresult\"],\"functionAuthor\":[\"阿卜QQ932696181\"],\"remark\":[\"\"],\"columns[0].columnId\":[\"48\"],\"columns[0].sort\":[\"1\"],\"columns[0].columnComment\":[\"ID\"],\"columns[0].javaType\":[\"Long\"],\"columns[0].javaField\":[\"id\"],\"columns[0].isInsert\":[\"1\"],\"columns[0].isList\":[\"1\"],\"columns[0].queryType\":[\"EQ\"],\"columns[0].htmlType\":[\"input\"],\"columns[0].dictType\":[\"\"],\"columns[1].columnId\":[\"49\"],\"columns[1].sort\":[\"2\"],\"columns[1].columnComment\":[\"学生唯一ID\"],\"columns[1].javaType\":[\"String\"],\"columns[1].javaField\":[\"stuno\"],\"columns[1].isInsert\":[\"1\"],\"columns[1].isEdit\":[\"1\"],\"columns[1].isList\":[\"1\"],\"columns[1].isQuery\":[\"1\"],\"columns[1].queryType\":[\"EQ\"],\"columns[1].htmlType\":[\"input\"],\"columns[1].dictType\":[\"\"],\"columns[2].columnId\":[\"50\"],\"columns[2].sort\":[\"3\"],\"columns[2].columnComment\":[\"学校代码\"],\"columns[2].javaType\":[\"String\"],\"columns[2].javaField\":[\"schooid\"],\"columns[2].isInsert\":[\"1\"],\"columns[2].isEdit\":[\"1\"],\"columns[2].queryType\":[\"EQ\"],\"columns[2].htmlType\":[\"input\"],\"columns[2].dictType\":[\"\"],\"columns[3].columnId\":[\"51\"],\"columns[3].sort\":[\"4\"],\"columns[3].columnComment\":[\"学校名称\"],\"columns[3].javaType\":[\"String\"],\"columns[3].javaField\":[\"schoolname\"],\"columns[3].isInsert\":[\"1\"],\"columns[3].isEdit\":[\"1\"],\"columns[3].isList\":[\"1\"],\"columns[3].isQuery\":[\"1\"],\"columns[3].queryType\":[\"LIKE\"],\"columns[3].htmlType\":[\"input\"],\"columns[3].dictType\":[\"\"],\"columns[4].columnId\":[\"52\"],\"columns[4].sort\":[\"5\"],\"columns[4].columnComment\":[\"学生姓名\"],\"columns[4].javaType\":[\"String\"],\"columns[4].javaField\":[\"stuname\"],\"columns[4].isInsert\":[\"1\"],\"columns[4].isEdit\":[\"1\"],\"columns[4].isList\":[\"1\"],\"columns[4].isQuery\":[\"1\"],\"columns[4].queryType\":[\"LIKE\"],\"columns[4].htmlType\":[\"input\"],\"columns[4].dictType\":[\"\"],\"columns[5].columnId\":[\"53\"],\"columns[5].sort\":[\"6\"],\"columns[5].columnComment\":[\"学生班级\"],\"columns[5].javaType\":[\"String\"],\"columns[5].javaField\":[\"stuclass\"],\"columns[5].isInsert\":[', '{\"msg\":\"操作成功\",\"code\":0}', 0, NULL, '2022-01-19 11:16:34');
INSERT INTO `sys_oper_log` VALUES (54, '代码生成', 2, 'com.ruoyi.project.tool.gen.controller.GenController.synchDb()', 'GET', 1, 'admin', '研发部门', '/tool/gen/synchDb/nczx_wx_selectresult', '127.0.0.1', '内网IP', '\"nczx_wx_selectresult\"', '{\"msg\":\"操作成功\",\"code\":0}', 0, NULL, '2022-01-19 11:17:15');
INSERT INTO `sys_oper_log` VALUES (55, '代码生成', 2, 'com.ruoyi.project.tool.gen.controller.GenController.editSave()', 'POST', 1, 'admin', '研发部门', '/tool/gen/edit', '127.0.0.1', '内网IP', '{\"tableId\":[\"5\"],\"tableName\":[\"nczx_wx_selectresult\"],\"tableComment\":[\"文化课程结果\"],\"className\":[\"WxWhSelectresult\"],\"functionAuthor\":[\"阿卜QQ932696181\"],\"remark\":[\"\"],\"columns[0].columnId\":[\"48\"],\"columns[0].sort\":[\"1\"],\"columns[0].columnComment\":[\"ID\"],\"columns[0].javaType\":[\"Long\"],\"columns[0].javaField\":[\"id\"],\"columns[0].isInsert\":[\"1\"],\"columns[0].isList\":[\"1\"],\"columns[0].queryType\":[\"EQ\"],\"columns[0].htmlType\":[\"input\"],\"columns[0].dictType\":[\"\"],\"columns[1].columnId\":[\"49\"],\"columns[1].sort\":[\"2\"],\"columns[1].columnComment\":[\"学生唯一ID\"],\"columns[1].javaType\":[\"String\"],\"columns[1].javaField\":[\"stuno\"],\"columns[1].isInsert\":[\"1\"],\"columns[1].isEdit\":[\"1\"],\"columns[1].isList\":[\"1\"],\"columns[1].isQuery\":[\"1\"],\"columns[1].queryType\":[\"EQ\"],\"columns[1].htmlType\":[\"input\"],\"columns[1].dictType\":[\"\"],\"columns[2].columnId\":[\"50\"],\"columns[2].sort\":[\"3\"],\"columns[2].columnComment\":[\"学校代码\"],\"columns[2].javaType\":[\"String\"],\"columns[2].javaField\":[\"schooid\"],\"columns[2].isInsert\":[\"1\"],\"columns[2].isEdit\":[\"1\"],\"columns[2].queryType\":[\"EQ\"],\"columns[2].htmlType\":[\"input\"],\"columns[2].dictType\":[\"\"],\"columns[3].columnId\":[\"51\"],\"columns[3].sort\":[\"4\"],\"columns[3].columnComment\":[\"学校名称\"],\"columns[3].javaType\":[\"String\"],\"columns[3].javaField\":[\"schoolname\"],\"columns[3].isInsert\":[\"1\"],\"columns[3].isEdit\":[\"1\"],\"columns[3].isList\":[\"1\"],\"columns[3].isQuery\":[\"1\"],\"columns[3].queryType\":[\"LIKE\"],\"columns[3].htmlType\":[\"input\"],\"columns[3].dictType\":[\"\"],\"columns[4].columnId\":[\"52\"],\"columns[4].sort\":[\"5\"],\"columns[4].columnComment\":[\"学生姓名\"],\"columns[4].javaType\":[\"String\"],\"columns[4].javaField\":[\"stuname\"],\"columns[4].isInsert\":[\"1\"],\"columns[4].isEdit\":[\"1\"],\"columns[4].isList\":[\"1\"],\"columns[4].isQuery\":[\"1\"],\"columns[4].queryType\":[\"LIKE\"],\"columns[4].htmlType\":[\"input\"],\"columns[4].dictType\":[\"\"],\"columns[5].columnId\":[\"53\"],\"columns[5].sort\":[\"6\"],\"columns[5].columnComment\":[\"学生班级\"],\"columns[5].javaType\":[\"String\"],\"columns[5].javaField\":[\"stuclass\"],\"columns[5].isInsert\":[', '{\"msg\":\"操作成功\",\"code\":0}', 0, NULL, '2022-01-19 11:18:23');
INSERT INTO `sys_oper_log` VALUES (56, '代码生成', 2, 'com.ruoyi.project.tool.gen.controller.GenController.synchDb()', 'GET', 1, 'admin', '研发部门', '/tool/gen/synchDb/nczx_wx_selectresult', '127.0.0.1', '内网IP', '\"nczx_wx_selectresult\"', '{\"msg\":\"操作成功\",\"code\":0}', 0, NULL, '2022-01-19 11:18:54');
INSERT INTO `sys_oper_log` VALUES (57, '代码生成', 2, 'com.ruoyi.project.tool.gen.controller.GenController.synchDb()', 'GET', 1, 'admin', '研发部门', '/tool/gen/synchDb/nczx_wx_selectresult', '127.0.0.1', '内网IP', '\"nczx_wx_selectresult\"', '{\"msg\":\"操作成功\",\"code\":0}', 0, NULL, '2022-01-19 11:19:10');
INSERT INTO `sys_oper_log` VALUES (58, '代码生成', 2, 'com.ruoyi.project.tool.gen.controller.GenController.editSave()', 'POST', 1, 'admin', '研发部门', '/tool/gen/edit', '127.0.0.1', '内网IP', '{\"tableId\":[\"5\"],\"tableName\":[\"nczx_wx_selectresult\"],\"tableComment\":[\"文化课程结果\"],\"className\":[\"WxWhSelectresult\"],\"functionAuthor\":[\"阿卜QQ932696181\"],\"remark\":[\"\"],\"columns[0].columnId\":[\"48\"],\"columns[0].sort\":[\"1\"],\"columns[0].columnComment\":[\"ID\"],\"columns[0].javaType\":[\"Long\"],\"columns[0].javaField\":[\"id\"],\"columns[0].isInsert\":[\"1\"],\"columns[0].isList\":[\"1\"],\"columns[0].queryType\":[\"EQ\"],\"columns[0].htmlType\":[\"input\"],\"columns[0].dictType\":[\"\"],\"columns[1].columnId\":[\"49\"],\"columns[1].sort\":[\"2\"],\"columns[1].columnComment\":[\"学生唯一ID\"],\"columns[1].javaType\":[\"String\"],\"columns[1].javaField\":[\"stuno\"],\"columns[1].isInsert\":[\"1\"],\"columns[1].isEdit\":[\"1\"],\"columns[1].isList\":[\"1\"],\"columns[1].isQuery\":[\"1\"],\"columns[1].queryType\":[\"EQ\"],\"columns[1].htmlType\":[\"input\"],\"columns[1].dictType\":[\"\"],\"columns[2].columnId\":[\"50\"],\"columns[2].sort\":[\"3\"],\"columns[2].columnComment\":[\"学校代码\"],\"columns[2].javaType\":[\"String\"],\"columns[2].javaField\":[\"schooid\"],\"columns[2].isInsert\":[\"1\"],\"columns[2].isEdit\":[\"1\"],\"columns[2].queryType\":[\"EQ\"],\"columns[2].htmlType\":[\"input\"],\"columns[2].dictType\":[\"\"],\"columns[3].columnId\":[\"51\"],\"columns[3].sort\":[\"4\"],\"columns[3].columnComment\":[\"学校名称\"],\"columns[3].javaType\":[\"String\"],\"columns[3].javaField\":[\"schoolname\"],\"columns[3].isInsert\":[\"1\"],\"columns[3].isEdit\":[\"1\"],\"columns[3].isList\":[\"1\"],\"columns[3].isQuery\":[\"1\"],\"columns[3].queryType\":[\"LIKE\"],\"columns[3].htmlType\":[\"input\"],\"columns[3].dictType\":[\"\"],\"columns[4].columnId\":[\"52\"],\"columns[4].sort\":[\"5\"],\"columns[4].columnComment\":[\"学生姓名\"],\"columns[4].javaType\":[\"String\"],\"columns[4].javaField\":[\"stuname\"],\"columns[4].isInsert\":[\"1\"],\"columns[4].isEdit\":[\"1\"],\"columns[4].isList\":[\"1\"],\"columns[4].isQuery\":[\"1\"],\"columns[4].queryType\":[\"LIKE\"],\"columns[4].htmlType\":[\"input\"],\"columns[4].dictType\":[\"\"],\"columns[5].columnId\":[\"53\"],\"columns[5].sort\":[\"6\"],\"columns[5].columnComment\":[\"学生班级\"],\"columns[5].javaType\":[\"String\"],\"columns[5].javaField\":[\"stuclass\"],\"columns[5].isInsert\":[', '{\"msg\":\"操作成功\",\"code\":0}', 0, NULL, '2022-01-19 11:19:26');
INSERT INTO `sys_oper_log` VALUES (59, '代码生成', 2, 'com.ruoyi.project.tool.gen.controller.GenController.editSave()', 'POST', 1, 'admin', '研发部门', '/tool/gen/edit', '127.0.0.1', '内网IP', '{\"tableId\":[\"5\"],\"tableName\":[\"nczx_wx_selectresult\"],\"tableComment\":[\"文化课程结果\"],\"className\":[\"WxWhSelectresult\"],\"functionAuthor\":[\"阿卜QQ932696181\"],\"remark\":[\"\"],\"columns[0].columnId\":[\"48\"],\"columns[0].sort\":[\"1\"],\"columns[0].columnComment\":[\"ID\"],\"columns[0].javaType\":[\"Long\"],\"columns[0].javaField\":[\"id\"],\"columns[0].isInsert\":[\"1\"],\"columns[0].isList\":[\"1\"],\"columns[0].queryType\":[\"EQ\"],\"columns[0].htmlType\":[\"input\"],\"columns[0].dictType\":[\"\"],\"columns[1].columnId\":[\"49\"],\"columns[1].sort\":[\"2\"],\"columns[1].columnComment\":[\"学生ID\"],\"columns[1].javaType\":[\"String\"],\"columns[1].javaField\":[\"stuno\"],\"columns[1].isInsert\":[\"1\"],\"columns[1].isEdit\":[\"1\"],\"columns[1].isList\":[\"1\"],\"columns[1].isQuery\":[\"1\"],\"columns[1].queryType\":[\"EQ\"],\"columns[1].htmlType\":[\"input\"],\"columns[1].dictType\":[\"\"],\"columns[2].columnId\":[\"50\"],\"columns[2].sort\":[\"3\"],\"columns[2].columnComment\":[\"学校代码\"],\"columns[2].javaType\":[\"String\"],\"columns[2].javaField\":[\"schooid\"],\"columns[2].isInsert\":[\"1\"],\"columns[2].isEdit\":[\"1\"],\"columns[2].queryType\":[\"EQ\"],\"columns[2].htmlType\":[\"input\"],\"columns[2].dictType\":[\"\"],\"columns[3].columnId\":[\"51\"],\"columns[3].sort\":[\"4\"],\"columns[3].columnComment\":[\"学校名称\"],\"columns[3].javaType\":[\"String\"],\"columns[3].javaField\":[\"schoolname\"],\"columns[3].isInsert\":[\"1\"],\"columns[3].isEdit\":[\"1\"],\"columns[3].isList\":[\"1\"],\"columns[3].isQuery\":[\"1\"],\"columns[3].queryType\":[\"LIKE\"],\"columns[3].htmlType\":[\"input\"],\"columns[3].dictType\":[\"\"],\"columns[4].columnId\":[\"52\"],\"columns[4].sort\":[\"5\"],\"columns[4].columnComment\":[\"学生姓名\"],\"columns[4].javaType\":[\"String\"],\"columns[4].javaField\":[\"stuname\"],\"columns[4].isInsert\":[\"1\"],\"columns[4].isEdit\":[\"1\"],\"columns[4].isList\":[\"1\"],\"columns[4].isQuery\":[\"1\"],\"columns[4].queryType\":[\"LIKE\"],\"columns[4].htmlType\":[\"input\"],\"columns[4].dictType\":[\"\"],\"columns[8].columnId\":[\"59\"],\"columns[8].sort\":[\"6\"],\"columns[8].columnComment\":[\"性别\"],\"columns[8].javaType\":[\"String\"],\"columns[8].javaField\":[\"stusex\"],\"columns[8].isInsert\":[\"1\"],\"', '{\"msg\":\"操作成功\",\"code\":0}', 0, NULL, '2022-01-19 11:20:35');
INSERT INTO `sys_oper_log` VALUES (60, '代码生成', 8, 'com.ruoyi.project.tool.gen.controller.GenController.download()', 'GET', 1, 'admin', '研发部门', '/tool/gen/download/nczx_wx_selectresult', '127.0.0.1', '内网IP', '\"nczx_wx_selectresult\"', NULL, 0, NULL, '2022-01-19 11:20:38');

-- ----------------------------
-- Table structure for sys_post
-- ----------------------------
DROP TABLE IF EXISTS `sys_post`;
CREATE TABLE `sys_post`  (
  `post_id` bigint(20) NOT NULL AUTO_INCREMENT COMMENT '岗位ID',
  `post_code` varchar(64) CHARACTER SET utf8mb4 COLLATE utf8mb4_unicode_ci NOT NULL COMMENT '岗位编码',
  `post_name` varchar(50) CHARACTER SET utf8mb4 COLLATE utf8mb4_unicode_ci NOT NULL COMMENT '岗位名称',
  `post_sort` int(4) NOT NULL COMMENT '显示顺序',
  `status` char(1) CHARACTER SET utf8mb4 COLLATE utf8mb4_unicode_ci NOT NULL COMMENT '状态（0正常 1停用）',
  `create_by` varchar(64) CHARACTER SET utf8mb4 COLLATE utf8mb4_unicode_ci NULL DEFAULT '' COMMENT '创建者',
  `create_time` datetime(0) NULL DEFAULT NULL COMMENT '创建时间',
  `update_by` varchar(64) CHARACTER SET utf8mb4 COLLATE utf8mb4_unicode_ci NULL DEFAULT '' COMMENT '更新者',
  `update_time` datetime(0) NULL DEFAULT NULL COMMENT '更新时间',
  `remark` varchar(500) CHARACTER SET utf8mb4 COLLATE utf8mb4_unicode_ci NULL DEFAULT NULL COMMENT '备注',
  PRIMARY KEY (`post_id`) USING BTREE
) ENGINE = InnoDB AUTO_INCREMENT = 5 CHARACTER SET = utf8mb4 COLLATE = utf8mb4_unicode_ci COMMENT = '岗位信息表' ROW_FORMAT = Dynamic;

-- ----------------------------
-- Records of sys_post
-- ----------------------------
INSERT INTO `sys_post` VALUES (1, 'ceo', '董事长', 1, '0', 'admin', '2021-12-16 09:39:17', '', NULL, '');
INSERT INTO `sys_post` VALUES (2, 'se', '项目经理', 2, '0', 'admin', '2021-12-16 09:39:17', '', NULL, '');
INSERT INTO `sys_post` VALUES (3, 'hr', '人力资源', 3, '0', 'admin', '2021-12-16 09:39:17', '', NULL, '');
INSERT INTO `sys_post` VALUES (4, 'user', '普通员工', 4, '0', 'admin', '2021-12-16 09:39:17', '', NULL, '');

-- ----------------------------
-- Table structure for sys_role
-- ----------------------------
DROP TABLE IF EXISTS `sys_role`;
CREATE TABLE `sys_role`  (
  `role_id` bigint(20) NOT NULL AUTO_INCREMENT COMMENT '角色ID',
  `role_name` varchar(30) CHARACTER SET utf8mb4 COLLATE utf8mb4_unicode_ci NOT NULL COMMENT '角色名称',
  `role_key` varchar(100) CHARACTER SET utf8mb4 COLLATE utf8mb4_unicode_ci NOT NULL COMMENT '角色权限字符串',
  `role_sort` int(4) NOT NULL COMMENT '显示顺序',
  `data_scope` char(1) CHARACTER SET utf8mb4 COLLATE utf8mb4_unicode_ci NULL DEFAULT '1' COMMENT '数据范围（1：全部数据权限 2：自定数据权限 3：本部门数据权限 4：本部门及以下数据权限）',
  `status` char(1) CHARACTER SET utf8mb4 COLLATE utf8mb4_unicode_ci NOT NULL COMMENT '角色状态（0正常 1停用）',
  `del_flag` char(1) CHARACTER SET utf8mb4 COLLATE utf8mb4_unicode_ci NULL DEFAULT '0' COMMENT '删除标志（0代表存在 2代表删除）',
  `create_by` varchar(64) CHARACTER SET utf8mb4 COLLATE utf8mb4_unicode_ci NULL DEFAULT '' COMMENT '创建者',
  `create_time` datetime(0) NULL DEFAULT NULL COMMENT '创建时间',
  `update_by` varchar(64) CHARACTER SET utf8mb4 COLLATE utf8mb4_unicode_ci NULL DEFAULT '' COMMENT '更新者',
  `update_time` datetime(0) NULL DEFAULT NULL COMMENT '更新时间',
  `remark` varchar(500) CHARACTER SET utf8mb4 COLLATE utf8mb4_unicode_ci NULL DEFAULT NULL COMMENT '备注',
  PRIMARY KEY (`role_id`) USING BTREE
) ENGINE = InnoDB AUTO_INCREMENT = 3 CHARACTER SET = utf8mb4 COLLATE = utf8mb4_unicode_ci COMMENT = '角色信息表' ROW_FORMAT = Dynamic;

-- ----------------------------
-- Records of sys_role
-- ----------------------------
INSERT INTO `sys_role` VALUES (1, '超级管理员', 'admin', 1, '1', '0', '0', 'admin', '2021-12-16 09:39:17', '', NULL, '超级管理员');
INSERT INTO `sys_role` VALUES (2, '普通角色', 'common', 2, '2', '0', '0', 'admin', '2021-12-16 09:39:17', '', NULL, '普通角色');

-- ----------------------------
-- Table structure for sys_role_dept
-- ----------------------------
DROP TABLE IF EXISTS `sys_role_dept`;
CREATE TABLE `sys_role_dept`  (
  `role_id` bigint(20) NOT NULL COMMENT '角色ID',
  `dept_id` bigint(20) NOT NULL COMMENT '部门ID',
  PRIMARY KEY (`role_id`, `dept_id`) USING BTREE
) ENGINE = InnoDB CHARACTER SET = utf8mb4 COLLATE = utf8mb4_unicode_ci COMMENT = '角色和部门关联表' ROW_FORMAT = Dynamic;

-- ----------------------------
-- Records of sys_role_dept
-- ----------------------------
INSERT INTO `sys_role_dept` VALUES (2, 100);
INSERT INTO `sys_role_dept` VALUES (2, 101);
INSERT INTO `sys_role_dept` VALUES (2, 105);

-- ----------------------------
-- Table structure for sys_role_menu
-- ----------------------------
DROP TABLE IF EXISTS `sys_role_menu`;
CREATE TABLE `sys_role_menu`  (
  `role_id` bigint(20) NOT NULL COMMENT '角色ID',
  `menu_id` bigint(20) NOT NULL COMMENT '菜单ID',
  PRIMARY KEY (`role_id`, `menu_id`) USING BTREE
) ENGINE = InnoDB CHARACTER SET = utf8mb4 COLLATE = utf8mb4_unicode_ci COMMENT = '角色和菜单关联表' ROW_FORMAT = Dynamic;

-- ----------------------------
-- Records of sys_role_menu
-- ----------------------------
INSERT INTO `sys_role_menu` VALUES (2, 1);
INSERT INTO `sys_role_menu` VALUES (2, 2);
INSERT INTO `sys_role_menu` VALUES (2, 3);
INSERT INTO `sys_role_menu` VALUES (2, 4);
INSERT INTO `sys_role_menu` VALUES (2, 100);
INSERT INTO `sys_role_menu` VALUES (2, 101);
INSERT INTO `sys_role_menu` VALUES (2, 102);
INSERT INTO `sys_role_menu` VALUES (2, 103);
INSERT INTO `sys_role_menu` VALUES (2, 104);
INSERT INTO `sys_role_menu` VALUES (2, 105);
INSERT INTO `sys_role_menu` VALUES (2, 106);
INSERT INTO `sys_role_menu` VALUES (2, 107);
INSERT INTO `sys_role_menu` VALUES (2, 108);
INSERT INTO `sys_role_menu` VALUES (2, 109);
INSERT INTO `sys_role_menu` VALUES (2, 110);
INSERT INTO `sys_role_menu` VALUES (2, 111);
INSERT INTO `sys_role_menu` VALUES (2, 112);
INSERT INTO `sys_role_menu` VALUES (2, 113);
INSERT INTO `sys_role_menu` VALUES (2, 114);
INSERT INTO `sys_role_menu` VALUES (2, 115);
INSERT INTO `sys_role_menu` VALUES (2, 116);
INSERT INTO `sys_role_menu` VALUES (2, 500);
INSERT INTO `sys_role_menu` VALUES (2, 501);
INSERT INTO `sys_role_menu` VALUES (2, 1000);
INSERT INTO `sys_role_menu` VALUES (2, 1001);
INSERT INTO `sys_role_menu` VALUES (2, 1002);
INSERT INTO `sys_role_menu` VALUES (2, 1003);
INSERT INTO `sys_role_menu` VALUES (2, 1004);
INSERT INTO `sys_role_menu` VALUES (2, 1005);
INSERT INTO `sys_role_menu` VALUES (2, 1006);
INSERT INTO `sys_role_menu` VALUES (2, 1007);
INSERT INTO `sys_role_menu` VALUES (2, 1008);
INSERT INTO `sys_role_menu` VALUES (2, 1009);
INSERT INTO `sys_role_menu` VALUES (2, 1010);
INSERT INTO `sys_role_menu` VALUES (2, 1011);
INSERT INTO `sys_role_menu` VALUES (2, 1012);
INSERT INTO `sys_role_menu` VALUES (2, 1013);
INSERT INTO `sys_role_menu` VALUES (2, 1014);
INSERT INTO `sys_role_menu` VALUES (2, 1015);
INSERT INTO `sys_role_menu` VALUES (2, 1016);
INSERT INTO `sys_role_menu` VALUES (2, 1017);
INSERT INTO `sys_role_menu` VALUES (2, 1018);
INSERT INTO `sys_role_menu` VALUES (2, 1019);
INSERT INTO `sys_role_menu` VALUES (2, 1020);
INSERT INTO `sys_role_menu` VALUES (2, 1021);
INSERT INTO `sys_role_menu` VALUES (2, 1022);
INSERT INTO `sys_role_menu` VALUES (2, 1023);
INSERT INTO `sys_role_menu` VALUES (2, 1024);
INSERT INTO `sys_role_menu` VALUES (2, 1025);
INSERT INTO `sys_role_menu` VALUES (2, 1026);
INSERT INTO `sys_role_menu` VALUES (2, 1027);
INSERT INTO `sys_role_menu` VALUES (2, 1028);
INSERT INTO `sys_role_menu` VALUES (2, 1029);
INSERT INTO `sys_role_menu` VALUES (2, 1030);
INSERT INTO `sys_role_menu` VALUES (2, 1031);
INSERT INTO `sys_role_menu` VALUES (2, 1032);
INSERT INTO `sys_role_menu` VALUES (2, 1033);
INSERT INTO `sys_role_menu` VALUES (2, 1034);
INSERT INTO `sys_role_menu` VALUES (2, 1035);
INSERT INTO `sys_role_menu` VALUES (2, 1036);
INSERT INTO `sys_role_menu` VALUES (2, 1037);
INSERT INTO `sys_role_menu` VALUES (2, 1038);
INSERT INTO `sys_role_menu` VALUES (2, 1039);
INSERT INTO `sys_role_menu` VALUES (2, 1040);
INSERT INTO `sys_role_menu` VALUES (2, 1041);
INSERT INTO `sys_role_menu` VALUES (2, 1042);
INSERT INTO `sys_role_menu` VALUES (2, 1043);
INSERT INTO `sys_role_menu` VALUES (2, 1044);
INSERT INTO `sys_role_menu` VALUES (2, 1045);
INSERT INTO `sys_role_menu` VALUES (2, 1046);
INSERT INTO `sys_role_menu` VALUES (2, 1047);
INSERT INTO `sys_role_menu` VALUES (2, 1048);
INSERT INTO `sys_role_menu` VALUES (2, 1049);
INSERT INTO `sys_role_menu` VALUES (2, 1050);
INSERT INTO `sys_role_menu` VALUES (2, 1051);
INSERT INTO `sys_role_menu` VALUES (2, 1052);
INSERT INTO `sys_role_menu` VALUES (2, 1053);
INSERT INTO `sys_role_menu` VALUES (2, 1054);
INSERT INTO `sys_role_menu` VALUES (2, 1055);
INSERT INTO `sys_role_menu` VALUES (2, 1056);
INSERT INTO `sys_role_menu` VALUES (2, 1057);
INSERT INTO `sys_role_menu` VALUES (2, 1058);
INSERT INTO `sys_role_menu` VALUES (2, 1059);
INSERT INTO `sys_role_menu` VALUES (2, 1060);
INSERT INTO `sys_role_menu` VALUES (2, 1061);

-- ----------------------------
-- Table structure for sys_user
-- ----------------------------
DROP TABLE IF EXISTS `sys_user`;
CREATE TABLE `sys_user`  (
  `user_id` bigint(20) NOT NULL AUTO_INCREMENT COMMENT '用户ID',
  `dept_id` bigint(20) NULL DEFAULT NULL COMMENT '部门ID',
  `login_name` varchar(30) CHARACTER SET utf8mb4 COLLATE utf8mb4_unicode_ci NOT NULL COMMENT '登录账号',
  `user_name` varchar(30) CHARACTER SET utf8mb4 COLLATE utf8mb4_unicode_ci NULL DEFAULT '' COMMENT '用户昵称',
  `user_type` varchar(2) CHARACTER SET utf8mb4 COLLATE utf8mb4_unicode_ci NULL DEFAULT '00' COMMENT '用户类型（00系统用户 01注册用户）',
  `email` varchar(50) CHARACTER SET utf8mb4 COLLATE utf8mb4_unicode_ci NULL DEFAULT '' COMMENT '用户邮箱',
  `phonenumber` varchar(11) CHARACTER SET utf8mb4 COLLATE utf8mb4_unicode_ci NULL DEFAULT '' COMMENT '手机号码',
  `sex` char(1) CHARACTER SET utf8mb4 COLLATE utf8mb4_unicode_ci NULL DEFAULT '0' COMMENT '用户性别（0男 1女 2未知）',
  `avatar` varchar(100) CHARACTER SET utf8mb4 COLLATE utf8mb4_unicode_ci NULL DEFAULT '' COMMENT '头像路径',
  `password` varchar(50) CHARACTER SET utf8mb4 COLLATE utf8mb4_unicode_ci NULL DEFAULT '' COMMENT '密码',
  `salt` varchar(20) CHARACTER SET utf8mb4 COLLATE utf8mb4_unicode_ci NULL DEFAULT '' COMMENT '盐加密',
  `status` char(1) CHARACTER SET utf8mb4 COLLATE utf8mb4_unicode_ci NULL DEFAULT '0' COMMENT '帐号状态（0正常 1停用）',
  `del_flag` char(1) CHARACTER SET utf8mb4 COLLATE utf8mb4_unicode_ci NULL DEFAULT '0' COMMENT '删除标志（0代表存在 2代表删除）',
  `login_ip` varchar(128) CHARACTER SET utf8mb4 COLLATE utf8mb4_unicode_ci NULL DEFAULT '' COMMENT '最后登录IP',
  `login_date` datetime(0) NULL DEFAULT NULL COMMENT '最后登录时间',
  `pwd_update_date` datetime(0) NULL DEFAULT NULL COMMENT '密码最后更新时间',
  `create_by` varchar(64) CHARACTER SET utf8mb4 COLLATE utf8mb4_unicode_ci NULL DEFAULT '' COMMENT '创建者',
  `create_time` datetime(0) NULL DEFAULT NULL COMMENT '创建时间',
  `update_by` varchar(64) CHARACTER SET utf8mb4 COLLATE utf8mb4_unicode_ci NULL DEFAULT '' COMMENT '更新者',
  `update_time` datetime(0) NULL DEFAULT NULL COMMENT '更新时间',
  `remark` varchar(500) CHARACTER SET utf8mb4 COLLATE utf8mb4_unicode_ci NULL DEFAULT NULL COMMENT '备注',
  PRIMARY KEY (`user_id`) USING BTREE
) ENGINE = InnoDB AUTO_INCREMENT = 3 CHARACTER SET = utf8mb4 COLLATE = utf8mb4_unicode_ci COMMENT = '用户信息表' ROW_FORMAT = Dynamic;

-- ----------------------------
-- Records of sys_user
-- ----------------------------
INSERT INTO `sys_user` VALUES (1, 103, 'admin', '若依', '00', 'ry@163.com', '15888888888', '1', '', '29c67a30398638269fe600f73a054934', '111111', '0', '0', '127.0.0.1', '2022-02-01 15:52:25', '2021-12-16 09:39:16', 'admin', '2021-12-16 09:39:16', '', '2022-02-01 15:52:24', '管理员');
INSERT INTO `sys_user` VALUES (2, 105, 'ry', '若依', '00', 'ry@qq.com', '15666666666', '1', '', '8e6d98b90472783cc73c17047ddccf36', '222222', '0', '0', '127.0.0.1', '2021-12-16 09:39:16', '2021-12-16 09:39:16', 'admin', '2021-12-16 09:39:16', '', NULL, '测试员');

-- ----------------------------
-- Table structure for sys_user_online
-- ----------------------------
DROP TABLE IF EXISTS `sys_user_online`;
CREATE TABLE `sys_user_online`  (
  `sessionId` varchar(50) CHARACTER SET utf8mb4 COLLATE utf8mb4_unicode_ci NOT NULL DEFAULT '' COMMENT '用户会话id',
  `login_name` varchar(50) CHARACTER SET utf8mb4 COLLATE utf8mb4_unicode_ci NULL DEFAULT '' COMMENT '登录账号',
  `dept_name` varchar(50) CHARACTER SET utf8mb4 COLLATE utf8mb4_unicode_ci NULL DEFAULT '' COMMENT '部门名称',
  `ipaddr` varchar(128) CHARACTER SET utf8mb4 COLLATE utf8mb4_unicode_ci NULL DEFAULT '' COMMENT '登录IP地址',
  `login_location` varchar(255) CHARACTER SET utf8mb4 COLLATE utf8mb4_unicode_ci NULL DEFAULT '' COMMENT '登录地点',
  `browser` varchar(50) CHARACTER SET utf8mb4 COLLATE utf8mb4_unicode_ci NULL DEFAULT '' COMMENT '浏览器类型',
  `os` varchar(50) CHARACTER SET utf8mb4 COLLATE utf8mb4_unicode_ci NULL DEFAULT '' COMMENT '操作系统',
  `status` varchar(10) CHARACTER SET utf8mb4 COLLATE utf8mb4_unicode_ci NULL DEFAULT '' COMMENT '在线状态on_line在线off_line离线',
  `start_timestamp` datetime(0) NULL DEFAULT NULL COMMENT 'session创建时间',
  `last_access_time` datetime(0) NULL DEFAULT NULL COMMENT 'session最后访问时间',
  `expire_time` int(5) NULL DEFAULT 0 COMMENT '超时时间，单位为分钟',
  PRIMARY KEY (`sessionId`) USING BTREE
) ENGINE = InnoDB CHARACTER SET = utf8mb4 COLLATE = utf8mb4_unicode_ci COMMENT = '在线用户记录' ROW_FORMAT = Dynamic;

-- ----------------------------
-- Records of sys_user_online
-- ----------------------------

-- ----------------------------
-- Table structure for sys_user_post
-- ----------------------------
DROP TABLE IF EXISTS `sys_user_post`;
CREATE TABLE `sys_user_post`  (
  `user_id` bigint(20) NOT NULL COMMENT '用户ID',
  `post_id` bigint(20) NOT NULL COMMENT '岗位ID',
  PRIMARY KEY (`user_id`, `post_id`) USING BTREE
) ENGINE = InnoDB CHARACTER SET = utf8mb4 COLLATE = utf8mb4_unicode_ci COMMENT = '用户与岗位关联表' ROW_FORMAT = Dynamic;

-- ----------------------------
-- Records of sys_user_post
-- ----------------------------
INSERT INTO `sys_user_post` VALUES (1, 1);
INSERT INTO `sys_user_post` VALUES (2, 2);

-- ----------------------------
-- Table structure for sys_user_role
-- ----------------------------
DROP TABLE IF EXISTS `sys_user_role`;
CREATE TABLE `sys_user_role`  (
  `user_id` bigint(20) NOT NULL COMMENT '用户ID',
  `role_id` bigint(20) NOT NULL COMMENT '角色ID',
  PRIMARY KEY (`user_id`, `role_id`) USING BTREE
) ENGINE = InnoDB CHARACTER SET = utf8mb4 COLLATE = utf8mb4_unicode_ci COMMENT = '用户和角色关联表' ROW_FORMAT = Dynamic;

-- ----------------------------
-- Records of sys_user_role
-- ----------------------------
INSERT INTO `sys_user_role` VALUES (1, 1);
INSERT INTO `sys_user_role` VALUES (2, 2);

SET FOREIGN_KEY_CHECKS = 1;
